smiles,Mw,PC,RKTZRA,SG,TB,TC,ZC
C,16.0428,45.99,0.28927,0.3,-161.49,-82.586,0.286
CC,30.0696,48.72,0.28097,0.3564,-88.6,32.17,0.279
CCC,44.0965,42.48,0.27657,0.5077,-42.04,96.68,0.276
CCCC,58.1234,37.96,0.27292,0.5844,-0.5,151.97,0.274
CCCCC,72.1503,33.7,0.26833,0.631,36.07,196.55,0.27
CCCCCC,86.1772,30.25,0.26411,0.664,68.73,234.45,0.266
CCCCCCC,100.204,27.4,0.26078,0.6882,98.43,267.05,0.261
CCCCCCCC,114.231,24.9,0.25697,0.7068,125.68,295.55,0.256
CCCCCCCCC,128.258,22.9,0.25451,0.7217,150.82,321.45,0.255
CCCCCCCCCC,142.285,21.1,0.2518,0.7342,174.155,344.55,0.254
CCCCCCCCCCC,156.312,19.5,0.24879,0.7443,195.928,365.85,0.252
CCCCCCCCCCCC,170.338,18.2,0.24668,0.7526,216.323,384.85,0.251
CCCCCCCCCCCCC,184.365,16.8,0.24324,0.7601,235.466,401.85,0.247
CCCCCCCCCCCCCC,198.392,15.7,0.24006,0.7667,253.577,419.85,0.244
CCCCCCCCCCCCCCC,212.419,14.8,0.23836,0.7721,270.685,434.85,0.244
CCCCCCCCCCCCCCCC,226.446,14.0,0.23659,0.7773,286.864,449.85,0.243
CCCCCCCCCCCCCCCCC,240.473,13.4,0.23642,0.7817,302.15,462.85,0.244
CCCCCCCCCCCCCCCCCC,254.5,12.7,0.23473,0.7856,316.71,473.85,0.243
CCCCCCCCCCCCCCCCCCC,268.527,12.1,0.23337,0.7892,329.9,484.85,0.242
CCCCCCCCCCCCCCCCCCCC,282.553,11.6,0.23278,0.7924,343.78,494.85,0.243
CCCCCCCCCCCCCCCCCCCCC,296.58,11.1,0.23153,0.79535,356.5,504.85,0.242
CCCCCCCCCCCCCCCCCCCCCC,310.607,10.6,0.22993,0.79811,368.6,513.85,0.24
CCCCCCCCCCCCCCCCCCCCCCC,324.634,10.2,0.22928,0.80063,380.2,522.85,0.24
CCCCCCCCCCCCCCCCCCCCCCCC,338.661,9.8,0.22836,0.80267,391.3,530.85,0.239
CCCCCCCCCCCCCCCCCCCCCCCCC,352.688,9.5,0.22811,0.80483,401.9,538.85,0.24
CCCCCCCCCCCCCCCCCCCCCCCCCC,366.715,9.1,0.22672,0.80687,412.2,545.85,0.238
CCCCCCCCCCCCCCCCCCCCCCCCCCC,380.742,8.83,0.22649,0.80855,422.1,552.85,0.239
CCCCCCCCCCCCCCCCCCCCCCCCCCCC,394.769,8.5,0.2256,0.81035,431.6,558.85,0.237
CCCCCCCCCCCCCCCCCCCCCCCCCCCCC,408.795,8.26,0.22524,0.81202,440.8,564.85,0.238
CCCCCCCCCCCCCCCCCCCCCCCCCCCCCC,422.822,8.0,0.22423,0.81322,449.7,570.85,0.237
CCCCCCCCCCCCCCCCCCCCCCCCCCCCCCC,436.849,6.86782,0.208094,0.814137,461.798,581.561,0.208094
CCCCCCCCCCCCCCCCCCCCCCCCCCCCCCCC,450.876,7.5,0.22291,0.812499,465.7,581.85,0.236
CCCCCCCCCCCCCCCCCCCCCCCCCCCCCCCCC,464.903,6.34515,0.21169,0.813926,479.348,594.05,0.21169
CCCCCCCCCCCCCCCCCCCCCCCCCCCCCCCCCC,478.93,6.14704,0.204521,0.817058,484.441,599.75,0.204521
CCCCCCCCCCCCCCCCCCCCCCCCCCCCCCCCCCC,492.957,5.963,0.20429,0.817364,491.447,605.15,0.20429
CCCCCCCCCCCCCCCCCCCCCCCCCCCCCCCCCCCC,506.984,6.8,0.22287,0.813767,497.0,600.85,0.237
CCCCCCCCCCCCCCCCCCCCCCCCCCCCCCCCCCCCC,521.01,5.64651,0.20315,0.815917,516.455,615.65,0.20315
CCCCCCCCCCCCCCCCCCCCCCCCCCCCCCCCCCCCCC,535.037,5.49194,0.202473,0.817435,522.527,620.55,0.202473
CCCCCCCCCCCCCCCCCCCCCCCCCCCCCCCCCCCCCCC,549.064,5.32707,0.192559,0.811589,,625.35,0.192559
CCCCCCCCCCCCCCCCCCCCCCCCCCCCCCCCCCCCCCCC,563.091,5.19891,0.199448,0.81871,530.827,630.85,0.199448
CCCCCCCCCCCCCCCCCCCCCCCCCCCCCCCCCCCCCCCCC,577.118,5.06232,0.191675,0.81248,,634.55,0.191675
CCCCCCCCCCCCCCCCCCCCCCCCCCCCCCCCCCCCCCCCCC,591.145,4.94011,0.19913,0.833529,543.342,638.95,0.19913
CCCCCCCCCCCCCCCCCCCCCCCCCCCCCCCCCCCCCCCCCCC,605.172,4.82624,0.196561,0.825097,544.202,643.15,0.196561
CCCCCCCCCCCCCCCCCCCCCCCCCCCCCCCCCCCCCCCCCCCC,619.199,4.81644,0.203789,0.825351,552.864,645.85,0.203789
CCCCCCCCCCCCCCCCCCCCCCCCCCCCCCCCCCCCCCCCCCCCC,633.225,3.28938,,,578.454,651.35,
CCCCCCCCCCCCCCCCCCCCCCCCCCCCCCCCCCCCCCCCCCCCCC,647.252,4.51678,,,566.366,655.25,
CCCCCCCCCCCCCCCCCCCCCCCCCCCCCCCCCCCCCCCCCCCCCCC,661.279,,,,,659.05,
CCCCCCCCCCCCCCCCCCCCCCCCCCCCCCCCCCCCCCCCCCCCCCCC,675.306,4.33644,,,576.972,662.75,
CCCCCCCCCCCCCCCCCCCCCCCCCCCCCCCCCCCCCCCCCCCCCCCCC,689.333,,,,,666.35,
CCCCCCCCCCCCCCCCCCCCCCCCCCCCCCCCCCCCCCCCCCCCCCCCCC,703.36,4.17354,0.192831,0.845051,587.04,669.95,0.192831
CCCCCCCCCCCCCCCCCCCCCCCCCCCCCCCCCCCCCCCCCCCCCCCCCCC,717.387,4.09843,,,,673.35,
CCCCCCCCCCCCCCCCCCCCCCCCCCCCCCCCCCCCCCCCCCCCCCCCCCCC,731.414,4.02588,0.152098,,596.693,676.75,0.152098
CCCCCCCCCCCCCCCCCCCCCCCCCCCCCCCCCCCCCCCCCCCCCCCCCCCCCC,759.467,3.8916,,,605.811,683.25,
CCCCCCCCCCCCCCCCCCCCCCCCCCCCCCCCCCCCCCCCCCCCCCCCCCCCCCCC,787.521,3.76907,,,613.511,689.35,
CCCCCCCCCCCCCCCCCCCCCCCCCCCCCCCCCCCCCCCCCCCCCCCCCCCCCCCCC,801.548,3.71241,,,,692.35,
CCCCCCCCCCCCCCCCCCCCCCCCCCCCCCCCCCCCCCCCCCCCCCCCCCCCCCCCCC,815.575,3.65732,,,622.458,695.35,
CCCCCCCCCCCCCCCCCCCCCCCCCCCCCCCCCCCCCCCCCCCCCCCCCCCCCCCCCCCC,843.629,3.55624,0.202807,0.805443,628.931,700.85,0.202807
CCCCCCCCCCCCCCCCCCCCCCCCCCCCCCCCCCCCCCCCCCCCCCCCCCCCCCCCCCCCCC,871.682,3.4605,,,637.705,706.45,
CCCCCCCCCCCCCCCCCCCCCCCCCCCCCCCCCCCCCCCCCCCCCCCCCCCCCCCCCCCCCCCC,899.736,3.3737,0.192657,0.826747,644.914,711.65,0.192657
CCCCCCCCCCCCCCCCCCCCCCCCCCCCCCCCCCCCCCCCCCCCCCCCCCCCCCCCCCCCCCCCCC,927.79,3.29363,,,651.851,716.75,
CCCCCCCCCCCCCCCCCCCCCCCCCCCCCCCCCCCCCCCCCCCCCCCCCCCCCCCCCCCCCCCCCCC,941.817,3.25615,,,,719.15,
CCCCCCCCCCCCCCCCCCCCCCCCCCCCCCCCCCCCCCCCCCCCCCCCCCCCCCCCCCCCCCCCCCCC,955.844,3.2195,,,657.204,721.55,
CCCCCCCCCCCCCCCCCCCCCCCCCCCCCCCCCCCCCCCCCCCCCCCCCCCCCCCCCCCCCCCCCCCCCC,983.897,3.15106,,,664.734,726.21,
CCCCCCCCCCCCCCCCCCCCCCCCCCCCCCCCCCCCCCCCCCCCCCCCCCCCCCCCCCCCCCCCCCCCCCCC,1011.95,3.08723,,,669.617,730.75,
CCCCCCCCCCCCCCCCCCCCCCCCCCCCCCCCCCCCCCCCCCCCCCCCCCCCCCCCCCCCCCCCCCCCCCCCCC,1040.01,3.02803,,,675.369,735.05,
CCCCCCCCCCCCCCCCCCCCCCCCCCCCCCCCCCCCCCCCCCCCCCCCCCCCCCCCCCCCCCCCCCCCCCCCCCCC,1068.06,2.97285,,,681.328,739.25,
CCCCCCCCCCCCCCCCCCCCCCCCCCCCCCCCCCCCCCCCCCCCCCCCCCCCCCCCCCCCCCCCCCCCCCCCCCC,1152.22,2.82863,,,,751.05,
CCCCCCCCCCCCCCCCCCCCCCCCCCCCCCCCCCCCCCCCCCCCCCCCCCCCCCCCCCCCCCCCCCCCCCCCCCCCCCCCCCCCCCCCCCCCCC,1320.54,2.61093,0.154642,,,771.75,0.154642
CCCCCCCCCCCCCCCCCCC(CCCCCCCCCCCCCCCCC)CCCCCCCCCCCCCCCCC,745.441,2.5641,,,,,
CCCCCCCCCCCCCCCCCCCCCC(CCCCCCCCC)CCCCCCCCCCCCCCCCCCCCC,731.414,,,,,,
CCCCCCCCCCCCCCCCCC(CCCCCCCCCCCCCCCC)CCCCCCCCCCCCCCCC,703.36,2.81519,,0.830329,,679.85,
CCCCCCCCCCCCCCCCC(CCCCCCCCCCCCCCC)CCCCCCCCCCCCCCC,661.279,3.10505,,,,,
CCCCCCCCCCCCCCCCCCCCC(CCCCCCCCCC)CCCCCCCCCCCC,605.172,,,,,,
CC(CCC(CCCCC(CCC(C)CC(C)(C)C)CCC(C)CC(C)(C)C)CCC(C)CC(C)(C)C)CC(C)(C)C,591.145,3.84016,0.159178,0.823857,478.589,560.85,0.159178
CC(C)CCCC(C)CCCC(C)CCCC(C)CCCCC(C)CCCC(C)CCCC(C)CCCC(C)C,563.091,4.01122,,,,,
CCCCCCCCCCC(CCCCCCCC)CC(C)(CCCCCCCC)CCCCCCCCCC,563.091,,,,,,
CCCCCCCCCCCCCC(CCCCCCCCCCCC)CCCCCCCCCCCC,535.037,4.30433,0.185553,0.822466,515.806,579.85,0.185553
CCCCCCCCCCCCC(CCCCCCCCCCCC)CCCCCCCCCCCC,521.01,4.6615,0.170623,0.82228,500.297,598.85,0.170623
CCCCCCCCCCCCC(CCCCCCCCCCC)CCCCCCCCCCCC,506.984,5.23911,0.184226,0.818034,478.595,579.85,0.184226
CCCCCCCCCCCCCCCC(CCCC)CCCCCCCCCCCCCCC,492.957,5.10938,0.174624,0.824003,,587.85,0.174624
CCCCCCCCCCCCCCCCCC(CCCCCCCC)CCCCCCCC,478.93,5.1101,0.165504,0.819785,464.167,580.85,0.165504
CCCCCCCCCCCCCC(CCCCCCCCCC)CCCCCCCCCC,478.93,5.42741,0.176512,0.819605,460.842,579.85,0.176512
CCCCCCCCCCCC(CCCCCCCCCCC)CCCCCCCCCCC,478.93,5.3525,0.174776,0.818345,,581.85,0.174776
CCCCCCCCCCCCCCCC(CC)CCCCCCCCCCCCCCC,464.903,5.60968,0.177227,0.82112,,575.85,0.177227
CCCCCCCCCCCCCCCC(CCCCCCCC)CCCCCCCC,450.876,6.10997,0.194658,0.816171,452.473,559.85,0.194658
CCCCCCCCC(CCCCCC)CC(C)(CCCCCC)CCCCCCCC,450.876,5.8025,,,451.853,558.85,
CCCCCCCCC(CCC)C(CCC)C(CCC)C(CCC)CCCCCCCC,450.876,5.82959,0.193485,0.824485,453.58,562.85,0.180605
CCCCCCCCCCCC(CCCCCCCCCC)CCCCCCCCCC,450.876,5.83327,0.185317,0.815955,449.282,557.85,0.185317
CCCCCCCCCCC(CCCCCCCCCC)CCCCCCCCCC,436.849,6.09782,0.178136,0.816804,448.611,574.85,0.178136
CCCCCCCCCCCCCC(CCCCCCCC)CCCCCCCC,422.822,5.99347,0.18096,0.814523,425.367,538.85,0.18096
CCCCCCCCCCC(CCCCCCCCC)CCCCCCCCCC,422.822,6.47709,0.191625,0.811345,443.22,557.85,0.191625
CC(C)CCCC(C)CCCC(C)CCCCC(C)CCCC(C)CCCC(C)C,422.822,7.0,0.23296,0.806471,417.45,548.85,0.211
CCCCCCCCCCC(CCCCCCCCC)CCCCCCCCC,408.795,6.80506,0.194983,0.810374,433.496,550.85,0.194983
CCCCCCCCCCC(CCCCCCCC)CCCCCCCCC,394.769,7.14904,0.198498,0.808715,424.17,543.85,0.198498
CCCCCCCCCCCCCCCC(CCCCCC)CCCCCC,394.769,7.30417,0.199938,0.814032,419.846,546.85,0.199938
CCCCCCCCCCCC(CCCCCCCC)CCCCCCCC,394.769,7.32206,0.203236,0.811109,419.464,543.85,0.203236
CC(CCC(CCC(C)CC(C)(C)C)CCC(C)CC(C)(C)C)CC(C)(C)C,394.769,6.87728,0.192196,0.8078,371.371,504.85,0.192196
CCCCCCCCCC(CCCCCCCCC)CCCCCCCCC,394.769,7.16946,0.206482,0.813225,423.292,543.85,0.203198
CCCCCCCCCCC(CCCCCCCC)CCCCCCCC,380.742,7.51811,0.195591,0.812944,400.406,536.85,0.195591
CCCCCCCCCCC(CCCCCCC)CCCCCCCCC,380.742,7.51811,0.201874,0.806948,414.386,536.85,0.201874
CCCCCCCCCCCCCCCCCC(CCCC)CCCC,366.715,7.60164,0.195965,0.82041,399.328,527.85,0.195965
CCCCCCCCCCCCCCCCCCCCCC(CC)CC,366.715,8.51083,0.230013,0.811057,420.811,529.85,0.230013
CCCCCCCCCCCC(CCCC)CCCCCCCCCC,366.715,7.71088,0.19722,0.807764,398.79,530.85,0.19722
CCCCCC(CC)CCC(CCCCC)CCC(CC)CCCCC,366.715,8.13716,0.20319,0.812195,389.589,539.85,0.20319
CCCCCCCCCCCCCC(CCCC)CCCCCCCC,366.715,7.84251,0.20087,0.808377,397.843,529.85,0.20087
CCCCCCCCC(C)CCC(C)CCC(C)CCCCCCCC,366.715,7.77229,0.20142,0.807851,,514.85,0.20142
CCCCCCCCCCCCCC(CCCCCC)CCCCCC,366.715,8.18659,0.202416,0.807345,375.014,528.85,0.202416
CCCCCC(CCC)CCC(CCC)CCC(CCC)CCCCC,366.715,7.85919,0.20854,0.81119,,503.85,0.20854
CCCCCCCCCCCCCCCC(CCCC)CCCCCC,366.715,7.91194,0.203461,0.808212,400.185,529.85,0.203461
CCCCCCCCCCCCCC(CC(CC)CC)CC(CC)CC,366.715,7.69467,0.1976,0.814201,382.682,514.85,0.1976
CCCCCC(CCCCC(CCCCC)CCC(C)C)CCC(C)C,366.715,7.70247,0.201726,0.805221,,507.85,0.201726
CCCCCCCCCCC(CCCCC)CCCCCCCCCC,366.715,7.94872,0.212145,0.807466,393.229,517.85,0.212145
CCCCCCCCCCC(CCCCCCCCCC)CC(C)(C)C,366.715,7.68574,0.201004,0.806371,388.246,506.034,0.201004
CCCCCCCCCCC(CCCCCC)CCCCCCCCC,366.715,7.91194,0.205073,0.80569,404.591,529.85,0.205073
CCCCCCCCC(CCCCCCCC)CCCCCCCC,352.688,8.18406,0.204005,0.806068,383.788,516.85,0.204005
CCCCCCCCCCC(CCCCC)CCCCCCCCC,352.688,8.33288,0.20936,0.802646,395.311,521.85,0.20936
CCCCCCCCC(CCCCCCC)CCCCCCCC,338.661,8.78359,0.216202,0.802744,373.35,513.85,0.208177
CCCCCCCCCCCCCCCCC(CCC)CCCC,338.661,8.78359,0.216422,0.804998,377.62,513.85,0.214222
CCCCCCCCCCCC(CCCCCC)CCCCCC,338.661,8.78359,0.211028,0.80264,382.59,513.85,0.211028
CCCC(C)CCCC(C)CCCCC(C)CCCC(C)CCC,338.661,8.61521,0.215713,0.808795,375.653,490.85,0.216734
CCCCCCCCCCCCCCCC(CCCC)CCCC,338.661,8.78359,0.214369,0.798669,377.62,513.85,0.214369
CCCCCCC(CCCC)CC(C)(CCCC)CCCCCC,338.661,9.42244,0.200835,0.909781,407.269,570.85,0.18538
CCCCCCC(CCC(C)C)C(CCCCCC)CCC(C)C,338.661,8.58153,0.197827,0.921852,360.961,495.85,0.185059
CCCCCCCCCCCCCCCC(C)CC(C)CC(C)C,338.661,8.61603,0.210902,0.802213,367.213,498.85,0.210902
CCCCCCCCC(CCCCCC)CCCCCCCC,324.634,9.63382,0.21718,0.801208,366.497,514.85,0.21718
CCCCCCCCCCCCCCC(C)CC(C)CC(C)C,324.634,9.08285,0.214272,0.799664,355.13,489.85,0.214272
CCCCCCCC(CCCCCCC)CCCCCCC,310.607,10.0656,0.2176,0.80223,363.516,518.85,0.2176
CCCCCCCCCCCCCCCC(CCC)CCC,310.607,10.0727,0.222412,0.793404,367.287,518.85,0.22117
CCCCCCCC(CCCCCC)CCCCCCC,296.58,10.6671,0.219719,0.796345,349.296,505.85,0.219719
CCCCCCCCC(CCCCCC)CCCCCC,296.58,10.608,0.225104,0.794149,342.775,505.85,0.216516
CCCCCCCCCCCCCC(CCC)CCC,282.553,10.8083,0.212793,0.796853,331.323,492.85,0.212793
CCCCCC(CC)CC(CC)CC(CC)CCCC,282.553,10.1103,0.217567,0.802357,305.871,459.85,0.204615
CCC(C)CCCC(C)CCCC(C)CCCC(C)C,282.553,11.4225,0.235203,0.794254,314.563,463.85,0.235203
CC(C)CCCC(C)CCCCC(C)CCCC(C)C,282.553,9.11857,0.195404,0.790089,321.146,451.85,0.195404
CCCCCCC(C)C(C)C(C)C(C)CCCCCC,282.553,11.016,0.213419,0.814751,321.935,484.85,0.213419
CCCCCCCCCCCC(CCCC)CCCC,282.553,10.7355,0.21114,0.794655,329.626,492.85,0.21114
CCCCCCCCCCCCCCCC(CC)CC,282.553,11.227,0.221232,0.797357,341.065,497.85,0.221232
CC(C)(C)CCCCCCCCCCCCC(C)(C)C,282.553,10.631,0.199399,0.908377,333.303,466.85,0.199399
CCCCCCCCCCC(CCCC)CCCC,268.527,11.8077,0.224075,0.792537,317.795,479.85,0.224075
CC(C)CCCC(C)CCCC(C)CCCC(C)C,268.527,11.9085,0.233182,0.786052,302.301,458.85,0.233182
CCCCC(C)CCCC(C)CCCC(C)CCC,268.527,11.0374,0.216827,0.806193,302.468,448.85,0.216827
CCC(C)(C)CCCC(C)CCCC(C)(C)CC,254.5,12.6916,0.233403,0.792562,308.308,467.85,0.231772
CCCCCCCC(CCC)CCCCCCC,254.5,12.4828,0.22945,0.794585,310.764,465.85,0.22945
CC(CCCCC(C)CC(C)(C)C)CC(C)(C)C,254.5,12.1151,0.210186,0.8464,285.642,449.85,0.210186
CC(C)(C)C(C(C(C)(C)C)C(C)(C)C)C(C)(C)C,254.5,11.5615,0.209914,0.85735,290.029,498.85,0.181705
CCCCCCC(CCCCC)CCCCC,240.473,13.0915,0.231442,0.803283,291.922,443.85,0.230253
CCCCCCC(CCCC)CCCCCC,240.473,13.0915,0.233206,0.78144,284.04,443.85,0.233206
CCCCCCCCCCC(CCC)CCC,240.473,13.0915,0.231887,0.788004,287.43,443.85,0.231887
CCCCCCC(CCC)CCCCCC,226.446,13.4587,0.228236,0.779807,272.758,431.85,0.228236
CC(C)CCCC(C)C(C)CCCC(C)C,226.446,13.7991,0.228518,0.8409,262.519,416.85,0.22371
CCCCCC(CCCCC)CCCCC,226.446,13.3273,0.229098,0.779918,264.603,420.85,0.229098
CCC(CC)(CC)CCC(CC)(CC)CC,226.446,16.2198,0.243471,0.827387,284.998,472.85,0.243471
CCC(C)(C)CCCCCCC(C)(C)CC,226.446,14.579,0.234194,0.828899,267.818,439.85,0.228869
CC(CCCC(C)(C)C)CCCC(C)(C)C,226.446,13.8711,0.228117,0.844094,266.994,420.85,0.223589
CCCCC(CCCC)(CCCC)C(C)C,226.446,15.0231,0.239157,0.80136,285.926,462.25,0.237426
CCCCCCCCCCCC(CC)CC,226.446,13.3844,0.230173,0.782377,280.921,431.85,0.230173
CCC(C)CCCCC(C)CCCC(C)C,226.446,13.4768,0.21783,0.854892,272.48,418.85,0.21783
CC(C)(C)C(C)(C)CCC(C)(C)C(C)(C)C,226.446,16.4309,0.249059,0.814275,271.656,465.85,0.248957
CC(CC(C)(C)C)CC(C)(C)CC(C)(C)C,226.446,15.7,0.2539,0.789409,246.35,418.85,0.236
CC(C)CCCCC(C)CCCC(C)C,212.419,14.76,0.227221,0.821512,246.319,409.85,0.227221
CCC(C)CCCC(C)CCCC(C)C,212.419,14.4321,0.237088,0.777957,248.758,404.85,0.237088
CCC(C)C(C)(C)CC(C)(C)C(C)CC,212.419,16.3645,0.235191,0.813881,249.759,446.85,0.235191
CC(C)CC(C)(C)CC(C)(C)CC(C)C,212.419,15.7721,0.243824,0.788988,232.439,413.85,0.243824
CCC(C)(C)C(C)(C)CC(C)CC(C)C,212.419,16.4576,0.23771,0.806484,231.316,436.85,0.23771
CCCCCCC(CCC)CCCCC,212.419,14.4025,0.23459,0.775366,251.621,410.95,0.23459
CCCCC(C)(C)CC(C)(C)CCCC,212.419,15.6972,0.242743,0.792132,250.222,423.85,0.242743
CCCC(C)(CC)CC(C)(CC)CCC,212.419,16.5784,0.245595,0.810606,260.499,440.85,0.245595
CCC(C)(C)C(C)(C)CC(C)(C)C(C)C,212.419,17.5507,0.244766,0.830483,252.751,454.85,0.244766
CC(C)(C)CCCCCCC(C)(C)C,198.392,16.0385,0.237623,0.802357,223.222,390.85,0.237623
CC(C)C(C)(C)CC(C)(C)C(C)(C)C,198.392,18.4833,0.258095,0.794956,238.174,431.85,0.258095
CCC(CC(C)C)C(CC)CC(C)C,198.392,15.9489,0.24383,0.78065,216.009,387.45,0.240834
CCC(CC)(CC)C(CC)(CC)CC,198.392,19.9702,0.249574,0.862663,264.722,466.85,0.249574
CCCCCCC(CCC)CCCC,198.392,15.5,0.240964,0.778408,254.52,404.85,0.240964
CC(C)CC(C)(C)C(C)(C)CC(C)C,198.392,18.1695,0.252597,0.793948,241.532,435.85,0.252597
CCCCCCCC(CCC)CCC,198.392,15.5151,0.237656,0.771192,242.473,404.85,0.237656
CC(C)CCC(CC(C)C)CC(C)C,198.392,15.6105,0.238877,0.801494,217.403,380.85,0.234777
CCCC(C)(CC)C(C)(CC)CCC,198.392,18.789,0.256821,0.801699,254.0,447.85,0.256821
CC(C)(C)C(C)(C)C(C)(C)C(C)(C)C,198.392,20.2358,0.271511,0.792799,257.843,460.85,0.271511
CCCCCCCCCC(CC)CC,198.392,16.22,0.2494,0.733637,247.95,418.25,0.249
CCCCC(CCCC)CCCC,184.365,18.3207,0.26464,0.76462,221.683,388.85,0.26464
CCCC(C)(C)CC(C)(C)CCC,184.365,18.3569,0.253752,0.785188,214.696,391.85,0.253752
CCC(C)(CC)CC(C)(CC)CC,184.365,19.4751,0.256309,0.808391,227.22,410.85,0.256309
CCCCC(C)CC(C)CC(C)C,184.365,18.7643,0.275711,0.760072,205.519,371.15,0.275711
CCC(C)CCC(C)CC(C)CC,184.365,16.7966,0.240515,0.795162,211.565,376.85,0.236771
CCCCCCC(CCC)CCC,184.365,16.5515,0.241336,0.767576,220.847,382.95,0.241336
CCCCC(C)(CC)CC(C)CC,184.365,18.0463,0.250576,0.780022,213.508,389.55,0.251752
CCC(CC)CC(C)CC(C)(C)C,184.365,17.0612,0.244408,0.782668,203.53,378.75,0.239829
CC(C)CCCC(C)CCC(C)C,184.365,16.9993,0.243124,0.758399,211.107,387.85,0.243124
CCCCC(C)(CC)CC(C)CC,184.365,18.0463,0.250576,0.780022,213.508,389.55,0.251752
CC(C)(C)C(C(C)(C)C)C(C)(C)C,184.365,19.8725,0.272557,0.782111,217.585,394.85,0.272557
CC(CCC(C)(C)C)CC(C)(C)C,184.365,17.3611,0.248712,0.780704,197.566,369.85,0.247343
CC(CC(C)(C)C)CC(C)(C)C,170.338,18.859,0.260232,0.749182,177.829,352.45,0.260232
CCCCCC(C)CC(C)(C)C,170.338,18.4675,0.247584,0.77496,189.493,359.85,0.247584
CC(C(C)C(C)(C)C)C(C)(C)C,170.338,20.1813,0.249604,0.76597,191.5,384.85,0.249604
CCC(C)(C)CCCC(C)(C)C,170.338,19.3554,0.260826,0.768535,182.796,356.45,0.260826
CC(C)(C)CCCCC(C)(C)C,170.338,18.7864,0.260347,0.746864,186.214,357.75,0.260347
CCC(C)C(C)CC(C)C(C)C,170.338,20.2358,0.252747,0.787712,193.521,388.15,0.252747
CCC(C)CC(C)(CC)C(C)C,170.338,20.073,0.25506,0.786001,197.859,383.65,0.25506
CC(C)C(C)CCC(C)C(C)C,170.338,19.1862,0.259553,0.766941,197.621,364.85,0.259553
CC(C)CCC(C)(C)CC(C)C,170.338,19.0855,0.262022,0.756374,183.565,354.45,0.262022
CC(C)CC(C)CCC(C)(C)C,170.338,18.5152,0.250573,0.780884,190.729,353.75,0.250573
CCCC(C)CC(C)CC(C)C,170.338,21.0659,0.291008,0.752999,187.3,355.85,0.291008
CC(C)CC(C)C(C)CC(C)C,170.338,18.7079,0.250918,0.770902,186.247,359.55,0.250918
CC(C)CC(C)(C)CC(C)(C)C,170.338,19.4163,0.259397,0.765539,185.322,363.15,0.259397
CCCCCC(CC)CCCC,170.338,17.9128,0.241133,0.759232,205.939,376.85,0.241133
CC(C)CCC(C(C)C)C(C)C,170.338,19.1844,0.256495,0.764653,190.708,366.75,0.256495
CCCCC(CCC)CCCC,170.338,18.5885,0.252542,0.758022,205.628,372.85,0.252542
CCCC(C)(CC)CC(C)CC,170.338,19.596,0.259529,0.773566,189.351,365.55,0.259529
CCCC(CC(C)C)CC(C)C,170.338,18.2006,0.244772,0.773556,187.83,357.85,0.244772
CCCCCCCC(CC)CC,170.338,17.8811,0.236079,0.792169,204.496,369.85,0.236079
CCC(C)(C)CCC(C)(C)CC,170.338,19.8913,0.261512,0.765055,189.953,373.85,0.261512
CCCC(C)(C)CCCC(C)C,170.338,19.0358,0.250071,0.785019,193.761,366.25,0.250071
CC(C)CCC(C)CCC(C)C,170.338,18.2149,0.253831,0.748087,190.53,357.75,0.253831
CC(C)C(C)CC(C)C(C)(C)C,170.338,19.4237,0.255695,0.767229,188.799,371.65,0.255695
CCCC(C)(CCC)C(C)(C)C,170.338,20.9458,0.264681,0.769355,192.223,376.45,0.27337
CC(C)(C)CC(C)(C)C(C)(C)C,170.338,20.7176,0.276199,0.741739,189.447,379.85,0.276199
CC(C)CC(C)CC(C)(C)C,156.312,20.1257,0.263201,0.737608,161.971,334.35,0.263201
CC(C)CCCC(C)C(C)C,156.312,20.3089,0.255996,0.760895,174.918,347.05,0.255996
CC(C)CC(C)(C)CC(C)C,156.312,20.7743,0.26699,0.745518,166.672,341.05,0.26699
CCC(C)CC(C)CC(C)C,156.312,24.0595,0.311113,0.744709,169.161,340.25,0.311113
CCC(C)CC(C)(CC)CC,156.312,21.3543,0.260083,0.766854,179.953,362.85,0.260083
CCCCC(CC)CCCC,156.312,19.4753,0.250577,0.750682,180.524,347.15,0.250577
CCCCC(CCC)CCC,156.312,20.1214,0.255263,0.748697,184.092,356.55,0.255263
CCCCCC(CC)CCC,156.312,19.4751,0.24082,0.767976,184.923,358.85,0.24082
CCC(C)(C)CCC(C)(C)C,156.312,21.0807,0.266396,0.753612,167.117,344.85,0.266396
CCCCCCC(CC)CC,156.312,19.4751,0.2339,0.795705,185.567,358.85,0.2339
CCC(C)(C)CC(C)(C)CC,156.312,21.7546,0.267253,0.771533,179.082,355.85,0.267253
CC(C)CCC(C)CC(C)C,156.312,19.8258,0.258556,0.738487,170.1,340.45,0.258556
CCCC(C)(CC)CC(C)C,156.312,21.3741,0.275653,0.738356,168.991,344.85,0.275653
CCCCC(C)(C)CC(C)C,156.312,20.7176,0.264545,0.746351,173.235,347.85,0.264545
CCCCC(C)CC(C)(C)C,156.312,20.0766,0.259359,0.742184,169.996,342.65,0.259359
CC(CC(C)(C)C)C(C)(C)C,156.312,20.919,0.261393,0.756017,164.669,346.95,0.261393
CC(C)C(C)(C)CC(C)(C)C,156.312,21.6132,0.263389,0.769203,170.405,355.15,0.263389
CCCC(C)(C)CC(C)(C)C,156.312,21.0807,0.266385,0.756831,169.96,344.85,0.266385
CCCCC(C)(C)C(C)(C)C,156.312,22.1662,0.266191,0.772444,179.595,366.35,0.266191
CC(C)CC(C)(C)C(C)(C)C,156.312,22.2291,0.269646,0.76696,172.983,360.15,0.269646
CCCC(C)(CC)CC(C)C,156.312,19.8059,0.25719,0.738745,167.99,340.85,0.25719
CCCCC(C)C(C)(C)C,142.285,22.3976,0.258482,0.74551,162.085,344.85,0.258711
CC(C(C)(C)C)C(C)(C)C,142.285,23.4056,0.256156,0.771159,159.278,354.15,0.256156
CC(C)C(C)CC(C)(C)C,142.285,22.5653,0.267884,0.739605,147.925,326.25,0.267884
CCCCC(C)(C)C(C)C,142.285,23.1584,0.265954,0.752958,160.088,342.15,0.265954
CC(C)CCCC(C)(C)C,142.285,21.921,0.268788,0.725785,149.003,319.95,0.268788
CCC(C)CCC(C)(C)C,142.285,21.8973,0.258463,0.741626,153.415,329.85,0.259101
CCCC(C)CC(C)(C)C,142.285,21.948,0.263791,0.735077,149.541,325.05,0.263791
CCC(C)(C)CC(C)(C)C,142.285,23.0474,0.269,0.749112,149.715,330.05,0.269
CCCC(C)C(C)C(C)C,142.285,22.7624,0.263357,0.752592,155.986,336.25,0.263357
CCCC(C)(C)CC(C)C,142.285,22.6255,0.270337,0.739021,150.638,325.45,0.270337
CCC(C)(C)C(C)(C)CC,142.285,25.1182,0.265862,0.786521,170.134,368.75,0.265862
CCCC(C)(C)C(C)CC,142.285,23.1361,0.262988,0.74364,162.168,348.85,0.265525
CCCC(C)(CC)C(C)C,142.285,23.9353,0.272052,0.737877,151.593,333.85,0.281299
CCC(C)C(C)(CC)CC,142.285,23.9119,0.270457,0.737519,154.505,341.85,0.277443
CCC(CC)C(C)(C)CC,142.285,23.1139,0.265243,0.737428,154.585,341.85,0.268214
CCCC(CCC)CCC,142.285,22.0004,0.258608,0.739745,161.817,335.65,0.258608
CCCCC(CC)CCC,142.285,22.2021,0.261706,0.742228,163.356,333.85,0.261706
CCC(CC)C(C)C(C)C,142.285,22.7407,0.262163,0.740889,157.308,341.85,0.263902
CCCCCC(CC)CC,142.285,22.0787,0.252099,0.762141,165.257,343.95,0.252099
CCC(CC(C)C)C(C)C,142.285,22.1453,0.260639,0.739955,151.637,328.85,0.26245
CCC(C)C(CC)C(C)C,142.285,22.7407,0.262163,0.740889,157.308,341.85,0.263902
CCCC(CC)C(C)(C)C,142.285,22.3764,0.261175,0.73874,153.147,335.85,0.262198
CCC(C)(CC)C(C)(C)C,142.285,25.2912,0.276804,0.786029,169.348,352.85,0.276804
CCC(C)C(C)C(C)CC,142.285,22.7407,0.262163,0.740889,157.308,341.85,0.263902
CCC(CC)(CC)C(C)C,142.285,24.7519,0.276944,0.736079,151.644,337.85,0.288994
CCCC(C)C(C)(C)CC,142.285,23.1361,0.262988,0.74364,162.168,348.85,0.265525
CCC(C)(C)CCC(C)C,142.285,22.6326,0.267453,0.744185,152.785,329.05,0.267453
CC(C)CC(C)CC(C)C,142.285,21.5741,0.264902,0.727178,146.667,317.25,0.264902
CCC(C)C(C)CC(C)C,142.285,22.1453,0.262455,0.742405,153.439,328.85,0.262455
CC(C)CCC(C)C(C)C,142.285,22.1743,0.263685,0.739026,155.692,331.15,0.263685
CCC(C)CC(C)C(C)C,142.285,22.1453,0.262865,0.749423,159.7,328.85,0.262865
CCC(CC)CC(C)(C)C,142.285,21.8768,0.261195,0.736793,146.983,324.35,0.261195
CC(C)C(C)(C)C(C)(C)C,142.285,24.9501,0.265134,0.784203,166.04,365.45,0.265134
CC(C)(C)CCC(C)(C)C,142.285,21.9,0.26533,0.723,137.46,308.25,0.265
CCC(C)CC(C)(C)CC,142.285,23.2,0.26433,0.7469,155.68,336.35,0.264
CCCC(C)(C)C(C)(C)C,142.285,25.1,0.26931,0.7684,160.31,349.85,0.27
CCC(C)(CC)C(C)C,128.258,26.3255,0.296118,0.740417,141.582,300.65,0.296118
CCC(C)C(C)C(C)C,128.258,24.9895,0.265529,0.742422,138.578,322.95,0.265529
CCCC(C)(C)C(C)C,128.258,25.4344,0.273225,0.7389,137.134,318.95,0.273225
CCC(C)C(C)(C)CC,128.258,25.4368,0.271468,0.748687,139.441,318.95,0.271468
CCCC(C)C(C)(C)C,128.258,24.926,0.2913,0.7336,133.65,314.85,0.2913
CCCC(CC)CCC,128.258,24.494,0.26882,0.729838,141.083,321.55,0.26882
CC[C@H](C)[C@H](C)C(C)C,128.258,24.975,0.268505,0.723076,134.667,317.05,0.273325
CCC(C)CC(C)(C)C,128.258,23.71,0.263682,0.7196,126.55,300.55,0.269539
CC(C)CC(C)C(C)C,128.258,24.3164,0.269798,0.726123,130.826,307.15,0.269798
CC[C@@H](C)[C@H](C)C(C)C,128.258,24.975,0.268505,0.723076,134.667,317.05,0.273325
CC(C)C(C)C(C)(C)C,128.258,26.0,0.26944,0.743,133.03,319.45,0.259
CC(C)(C)CC(C)(C)C,128.258,24.9,0.27015,0.7236,122.29,301.45,0.263
CCC(CC)C(C)(C)C,128.258,25.7,0.26901,0.73886,133.84,316.85,0.268
CC(C)C(C)(C)C(C)C,128.258,27.2,0.27039,0.7587,141.55,334.35,0.265
CCC(C)(C)CC(C)C,128.258,24.6,0.26633,0.71967,130.66,307.85,0.26
CCC(CC)(CC)CC,128.258,26.7498,0.26774,0.7575,146.19,336.9,0.249
CCCCC(CC)CC,128.258,23.9,0.26016,0.73082,143.2,316.85,0.257
CCC(C(C)C)C(C)C,128.258,25.3,0.26592,0.74198,136.72,317.85,0.264
CC(C)CCC(C)(C)C,128.258,23.3,0.26355,0.7182,124.09,296.65,0.255
CCC(C)(C)C(C)(C)C,128.258,27.41,0.27116,0.7606,140.29,334.35,0.259
CCC(C)(C)C(C)C,114.231,28.2,0.26932,0.7303,114.77,300.35,0.269
CCCC(CC)CC,114.231,26.1,0.26055,0.7178,118.54,292.35,0.253
CCC(CC)C(C)C,114.231,27.0,0.26374,0.7236,115.65,293.95,0.253
CCC(C)(CC)CC,114.231,28.1,0.2689,0.7315,118.27,303.35,0.267
CC(C)C(C)C(C)C,114.231,27.3,0.26687,0.7233,113.47,293.25,0.267
CCC(C)C(C)(C)C,114.231,27.3,0.26713,0.7202,109.845,290.35,0.254
CC(C)CC(C)(C)C,114.231,25.7,0.26817,0.6962,99.238,270.65,0.266
CC(C)(C)C(C)(C)C,114.231,28.7,0.27446,0.72564,106.29,294.85,0.28
CCC(CC)CC,100.204,28.9,0.26586,0.7028,93.47,267.45,0.267
CC(C)C(C)(C)C,100.204,29.5,0.27164,0.6946,80.88,257.95,0.266
CCCCCCCCCCCCC\C=C/CCCCCCCC,322.618,9.52701,0.199515,0.950608,378.743,505.25,0.192136
CCCCCCCCCCCCC\C=C\CCCCCCCC,322.618,9.53635,0.199475,0.951141,379.547,506.05,0.192125
CCCCCCCCCCCCCCCCC/C=C/C,280.538,11.5351,0.212387,0.900365,348.763,502.85,0.203404
CCCCCCCCCCCCCCCCC/C=C/C,280.538,12.21,0.23789,0.809093,318.85,468.65,0.258
CCCCCCCCCC/C=C/CCCCCC,252.484,13.3338,0.23847,0.791082,309.538,473.85,0.23847
CCCCCCCCCCCCC\C=C/CCC,252.484,12.9386,0.230489,0.79414,312.298,477.85,0.230489
CCCCCCCC\C=C/CCCCCCCC,252.484,13.2436,0.252101,0.798587,314.972,466.85,0.252101
CCCCCCCCCCC/C=C/CCCCC,252.484,12.9386,0.229602,0.796014,310.568,477.85,0.229602
CCCCCCCCCCC\C=C/CCCCC,252.484,12.9386,0.230366,0.793758,312.302,477.85,0.230366
CCCCCCCCCCCC\C=C/CCCC,252.484,12.9386,0.230493,0.793125,311.499,477.85,0.230493
CCCCCCCCC\C=C/CCCCCCC,252.484,12.9386,0.229223,0.79567,311.541,477.85,0.229223
CCCCCCCCCCCCCCC\C=C/C,252.484,12.9058,0.230036,0.795411,312.992,475.85,0.230036
CCCCCCCC/C=C/CCCCCCCC,252.484,11.4471,0.205892,0.793495,318.941,484.85,0.205892
CCCCCCCCCCCCCCC/C=C/C,252.484,12.9058,0.229753,0.796862,310.94,475.85,0.229753
CCCCCCCCCC\C=C/CCCCCC,252.484,12.2949,0.224601,0.794492,309.238,464.85,0.224601
CCCCCCCCCCCCC/C=C/CCC,252.484,12.9386,0.229898,0.794951,311.387,477.85,0.229898
CCCCCCCCC=CCCCCCCC,238.457,13.5811,0.232416,0.805622,291.597,455.85,0.229024
CCCCCCCCCCCCCC=CC,224.43,13.7786,0.227588,0.786601,280.352,443.85,0.227588
CCCCCCCCCC=CCCCCC,224.43,13.8402,0.228206,0.785357,280.352,443.85,0.228206
CCCCCCCCCCCCC=CC,210.403,14.8043,0.230663,0.782465,265.364,431.85,0.230663
CCCCCCCC=CCCCCCC,210.403,14.9941,0.235294,0.779956,264.057,431.85,0.235294
CCCCCCCCCCCC/C=C/C,210.403,15.67,0.24205,0.786467,263.85,428.45,0.252
CCCCCCCCCCCC=CC,196.376,15.9489,0.235773,0.777539,247.299,415.85,0.235773
CCCCCC\C=C\CCCCCC,196.376,16.0256,0.238118,0.776552,244.278,411.85,0.238118
CCCCCC\C=C/CCCCC,182.349,17.4203,0.24616,0.769625,228.607,398.85,0.24616
CCCCCCC/C=C/CCC,168.323,18.6111,0.239223,0.801297,214.118,387.85,0.233243
CCCCC\C=C\CCCCC,168.323,18.7741,0.236681,0.80367,213.449,383.85,0.236681
CCCCCCCCCC=CC,168.323,18.6111,0.244722,0.764464,214.118,387.85,0.244722
CCCCCCCC=CCCC,168.323,18.6111,0.250938,0.761995,228.34,387.85,0.250938
CCCCC/C=C/CCCCC,168.323,18.6549,0.245186,0.763721,213.712,387.85,0.245186
CCCCCCC\C=C/CCC,168.323,18.6111,0.239223,0.801297,214.118,387.85,0.233243
CC1(OC2CC3C4CCC5=CC(=O)CCC5(C)C4(F)C(O)CC3(C)C2(O1)C(=O)CBr)c6ccccc6,168.323,18.6111,0.239223,0.801297,214.118,387.85,0.233243
CCCCCC/C=C/CCCC,168.323,18.6111,0.239223,0.801297,214.118,387.85,0.233243
CCCCC\C=C/CCCCC,168.323,18.703,0.236147,0.799976,210.297,382.85,0.236147
CCCCCCCC\C=C\CC,168.323,18.6111,0.25212,0.762899,231.021,387.85,0.25212
CCCCCCCCC\C=C/C,168.323,18.9,0.24845,0.753322,217.85,389.85,0.249
CCCCCCCCC/C=C/C,168.323,18.9,0.24639,0.76528,217.85,389.85,0.249
CCCCCC=CCCCC,154.296,20.1059,0.247439,0.756756,192.34,365.65,0.247439
CCCCCCC=CCCC,154.296,20.2541,0.252798,0.753973,189.201,361.55,0.252798
CCCCCC\C=C/CCC,154.296,20.2541,0.245493,0.784348,190.17,363.85,0.241843
CCCCC\C=C\CCCC,154.296,20.2541,0.245493,0.784348,190.17,363.85,0.241843
CCCCCCCCC=CC,154.296,20.2541,0.252908,0.762725,194.282,360.85,0.252908
CCCCCCC\C=C/CC,154.296,20.2541,0.245493,0.784348,190.17,363.85,0.241843
CCCCC\C=C/CCCC,154.296,20.2541,0.245493,0.784348,190.17,363.85,0.241843
CCCCCCCC\C=C\C,154.296,20.2541,0.246084,0.783728,187.988,360.85,0.242971
CCCCCC\C=C\CCC,154.296,20.2541,0.245493,0.784348,190.17,363.85,0.241843
CCCCCCC/C=C/CC,154.296,20.2541,0.245493,0.784348,190.17,363.85,0.241843
CCCCCCCC\C=C/C,154.296,20.2541,0.246084,0.783728,187.988,360.85,0.242971
CCCCC\C=C\CCC,140.269,21.6084,0.248637,0.745949,170.786,346.05,0.248637
CCCCCC\C=C/CC,140.269,21.9313,0.251348,0.748292,171.291,346.75,0.251348
CCCCCC\C=C\CC,140.269,21.4564,0.246937,0.745333,171.406,346.95,0.246937
CCCCC\C=C/CCC,140.269,22.2073,0.254549,0.749993,170.673,345.85,0.254549
CCCC\C=C\CCCC,140.269,22.1312,0.256598,0.740676,170.624,345.15,0.256598
CCCCCC=CCCC,140.269,22.0524,0.254474,0.743889,171.336,345.75,0.254474
CCCC\C=C\CCCC,140.269,21.6521,0.248757,0.746505,171.279,346.75,0.248757
CCCC\C=C\CCCC,140.269,22.0019,0.252205,0.749601,170.426,345.55,0.252205
CCCCCCC=CCC,140.269,22.1245,0.252743,0.748731,173.242,349.45,0.252743
CCCCCCCC=CC,140.269,22.1747,0.259022,0.754463,172.588,340.85,0.259022
CCCCCCC\C=C/C,140.269,21.8,0.25204,0.73894,173.85,347.85,0.249
CCCCCCC\C=C/C,140.269,21.8,0.25121,0.745206,172.85,345.85,0.25
CCCC/C=C/CCC,126.242,24.2865,0.260018,0.7342,146.825,322.35,0.260018
CCCCC\C=C/CC,126.242,23.592,0.251774,0.736708,148.212,323.65,0.251774
CCCC/C=C/CCC,126.242,24.0643,0.257067,0.736423,147.721,323.05,0.257067
CCCCCC=CCC,126.242,24.261,0.259887,0.733824,147.696,322.85,0.259887
CCCC\C=C/CCC,126.242,24.9021,0.265453,0.738835,147.365,322.55,0.265453
CCCCCC\C=C/C,126.242,23.7,0.25291,0.735801,150.75,324.95,0.25
CCCCC\C=C/CC,126.242,24.6311,0.26249,0.738251,147.954,323.35,0.26249
CCCCCC\C=C/C,126.242,23.7,0.25291,0.735801,150.75,324.95,0.25
CCCCCC\C=C\C,126.242,23.7,0.25388,0.731548,150.05,323.95,0.251
CCCCC\C=C/C,112.215,26.7364,0.26276,0.72491,125.076,300.15,0.26276
CCC/C=C/CCC,112.215,26.723,0.265524,0.722179,121.794,295.15,0.265524
CCCC\C=C\CC,112.215,26.7354,0.267103,0.722864,125.497,295.45,0.267103
CCCC\C=C\CC,112.215,25.8,0.25688,0.71801,123.3,300.85,0.26
CCC/C=C/CCC,112.215,25.8,0.25726,0.71682,122.26,299.85,0.26
CCC\C=C/CCC,112.215,25.9,0.25727,0.72554,122.54,294.85,0.253
CCCCC\C=C/C,112.215,25.9,0.25596,0.72866,125.64,298.85,0.252
CCCCC\C=C\C,112.215,25.89,0.25693,0.7243,125.0,298.45,0.252
CCCC\C=C/CC,112.215,25.9,0.2571,0.72567,122.9,295.85,0.252
CCC\C=C\CC,98.1882,29.6161,0.269078,0.705262,95.654,268.15,0.269078
CCCC\C=C\C,98.1882,28.5,0.26003,0.70575,97.95,269.95,0.254
CCCC\C=C\C,98.1882,28.5,0.26003,0.70575,97.95,269.95,0.254
CCCC\C=C/C,98.1882,28.4,0.25813,0.71051,98.41,270.55,0.253
CCC\C=C\CC,98.1882,28.5,0.26119,0.70264,95.67,266.85,0.258
CCC\C=C/CC,98.1882,28.4,0.25886,0.70596,95.75,271.85,0.264
CCC\C=C/C,84.1613,32.958,0.271095,0.686349,68.025,237.65,0.271095
CC\C=C\CC,84.1613,33.39,0.281566,0.683821,66.62,229.1,0.281566
CC\C=C\CC,84.1613,31.7,0.26401,0.6821,67.09,235.85,0.263
CCC\C=C/C,84.1613,31.6,0.26105,0.692,68.88,238.25,0.256
CCC\C=C\C,84.1613,31.68,0.26356,0.6827,67.87,236.65,0.258
CC\C=C/CC,84.1613,31.7,0.2634,0.6847,66.45,235.85,0.263
CC\C=C/C,70.1344,35.9061,0.269972,0.655498,36.357,200.65,0.269972
CC\C=C/C,70.1344,36.4,0.26726,0.6608,36.93,201.85,0.269
CC\C=C\C,70.1344,36.6,0.2709,0.6533,36.34,201.05,0.272
C\C=C/C,56.1075,42.1,0.2706,0.6271,3.72,162.35,0.272
C\C=C\C,56.1075,41.0,0.27203,0.61,0.88,155.45,0.274
C\C=C/C,56.1075,42.1,0.2706,0.6271,3.72,162.35,0.272
CCCCCCCCCCCCCCCCCCCCCCCCCCCCCCCCCCCCCCC=C,561.075,6.468,0.2226,0.827594,523.0,641.65,0.238
CCCCCCCCCCCCCCCCCCCCCCCCCCCCCCCCCCC=C,504.968,7.159,0.22477,0.824778,496.0,620.85,0.241
CCCCCCCCCCCCCCCCCCCCCCCCCCCCC=C,420.806,8.47,0.22933,0.809817,448.0,583.85,0.244
CCCCCCCCCCCCCCCCCCCCCCCCCCCC=C,406.78,6.97248,0.161636,1.88755,434.221,558.85,0.161636
CCCCCCCCCCCCCCCCCCCCCCCCCCC=C,392.753,9.011,0.22932,0.815996,430.0,569.05,0.244
CCCCCCCCCCCCCCCCCCCCCCCCCC=C,378.726,7.71539,0.173501,0.972353,419.407,544.85,0.173501
CCCCCCCCCCCCCCCCCCCCCCCCC=C,364.699,9.642,0.23076,0.812778,411.0,554.15,0.245
CCCCCCCCCCCCCCCCCCCCCCC=C,336.645,10.37,0.23244,0.809205,390.0,537.25,0.246
CCCCCCCCCCCCCCCCCCCCCC=C,322.618,9.81531,0.201223,0.933025,391.852,536.85,0.190325
CCCCCCCCCCCCCCCCCCCCC=C,308.591,11.21,0.23576,0.8045,367.0,518.45,0.247
CCCCCCCCCCCCCCCCCCCC=C,294.564,10.861,0.198405,0.950425,369.232,512.85,0.198405
CCCCCCCCCCCCCCCCCCC=C,280.538,12.2,0.23682,0.79655,342.39,497.85,0.247
CCCCCCCCCCCCCCCCCC=C,266.511,12.8,0.23836,0.79392,329.02,486.85,0.248
CCCCCCCCCCCCCCCCC=C,252.484,13.4,0.23949,0.79073,314.82,474.85,0.248
CCCCCCCCCCCCCCCC=C,238.457,14.1,0.24069,0.78993,300.33,462.85,0.249
CCCCCCCCCCCCCCC=C,224.43,14.8,0.24118,0.785,284.87,448.85,0.249
CCCCCCCCCCCCCC=C,210.403,15.7,0.24336,0.7803,268.46,434.85,0.25
CCCCCCCCCCCCC=C,196.376,16.27,0.24206,0.7752,251.1,417.85,0.245
CCCCCCCCCCCC=C,182.349,17.49,0.24522,0.7692,232.84,401.65,0.248
CCCCCCCCCCC=C,168.323,18.88,0.24852,0.7623,213.0,383.95,0.251
CCCCCCCCCC=C,154.296,20.44,0.25185,0.7544,192.67,364.65,0.253
CCCCCCCCC=C,140.269,22.23,0.25528,0.745,170.6,343.45,0.253
CCCCCCCC=C,126.242,24.28,0.25889,0.7334,146.868,319.95,0.258
CCCCCCC=C,112.215,26.63,0.2623,0.7193,121.26,293.75,0.262
CCCCCC=C,98.1882,29.2,0.26493,0.7015,93.64,264.25,0.263
CCCCC=C,84.1613,32.1,0.26743,0.678,63.48,230.85,0.267
CCCC=C,70.1344,35.6,0.27016,0.6457,30.07,191.65,0.27
CCC=C,56.1075,40.2,0.27355,0.6013,-6.24,146.35,0.278
CC=C,42.0806,46.0,0.27753,0.522,-47.7,91.7,0.281
C=C,28.0538,50.41,0.28128,0.3564,-103.74,9.19,0.281
CCCCCCCCCCCCCCCCCCC#C,278.522,11.8182,0.218629,0.831415,349.842,506.85,0.218629
CCCCCCCCCCCCCCCCCC#C,264.495,12.502,0.209437,0.889416,332.287,493.85,0.209437
CCCCCCCCCCC#CCCCCCC,250.468,13.3017,0.229606,0.807272,314.688,483.85,0.229606
CCCCCCCCCCCCC#CCCCC,250.468,13.7697,0.231982,0.806493,318.044,496.85,0.231982
CCCCCCCCCCCCCCC#CCC,250.468,12.4357,0.208888,0.807613,326.029,502.85,0.208888
CCCCCCCCCC#CCCCCCCC,250.468,13.3017,0.228353,0.81333,313.663,483.85,0.228353
CCCCCCCCC#CCCCCCCCC,250.468,13.8862,0.236677,0.81142,317.594,491.85,0.236677
CCCCCCCCCCCCCCCCC#C,250.468,14.0562,0.240591,0.80756,325.628,512.85,0.240591
CCCCCCCCCCCC#CCCCCC,250.468,13.3017,0.228389,0.816422,314.508,483.85,0.228389
CCCCCCCCCCCCCC#CCCC,250.468,13.3017,0.228489,0.815298,313.595,483.85,0.228489
CCCCCCCCCCCCCCCC#CC,250.468,13.1418,0.213137,0.819762,331.026,521.85,0.213137
CCCCCCCCCCCCCCCC#C,236.441,14.5925,0.219885,0.902228,336.056,489.85,0.219885
CCCCCCCCCCCCCC#CC,222.414,14.8583,0.221112,0.806796,301.438,489.85,0.221112
CCCCCCCCCCCCCCC#C,222.414,15.6651,0.250034,0.800218,291.682,476.85,0.250034
CCCCC#CCC#CCC#CCCCC,214.351,,,,,,
CCCCCCCCCCCCCC#C,208.387,16.3588,0.219137,0.83487,280.143,480.85,0.219137
CCCCCCCCC=C(C)C#CC=C,204.356,16.6561,0.239795,0.822116,265.539,434.85,0.237274
CCCCCCC#CCCCCCC,194.36,16.1125,0.22018,0.805967,259.14,442.85,0.22018
CCC(C)CCC#CCCC(C)CC,194.36,17.0471,0.237591,0.79703,237.184,454.85,0.218294
CCCCCCCCCCCC#CC,194.36,17.5214,0.247713,0.800535,256.652,427.85,0.247713
CCCCCCCCCCCCC#C,194.36,17.1603,0.232305,0.834174,252.489,426.65,0.232305
CCC(C)CCCC#CCC(C)CC,194.36,17.0471,0.23759,0.797037,237.184,454.85,0.218517
CC(C)(C)C#CC(C)(C)C(C)(C)C,180.334,19.7707,0.263837,0.776515,184.296,369.85,0.270499
CCCCCCCCCCCC#C,180.334,19.0309,0.242345,0.788115,243.728,443.85,0.242345
CCCCC#CCC#CCCCC,176.302,21.9256,0.257181,0.830159,259.872,426.85,0.276736
C#CCCCCCCCCCC#C,176.302,20.8122,0.247347,0.835326,246.092,440.85,0.246514
CC(C)CCC#CCCC(C)C,166.307,20.6807,0.24837,0.785252,208.889,402.85,0.24837
CCCCCCCCCC#CC,166.307,20.1386,0.240144,0.792258,229.107,420.85,0.240144
CCCCCCCCCCC#C,166.307,20.8652,0.250338,0.784081,226.305,426.85,0.250338
CCCCCCCCC#CCC,166.307,21.8075,0.26048,0.793777,220.173,411.85,0.26048
CCCCCC#CC(C)(C)CC,166.307,20.8312,0.256263,0.77699,200.303,392.85,0.257077
CCCCCC#CCCCCC,166.307,20.37,0.254387,0.786004,212.906,390.75,0.254387
CC(C)(C)C#CC#CC(C)(C)C,162.275,24.7027,0.28223,0.827156,218.706,404.85,0.28223
CC(C)(CCC(C)(C)C#C)C#C,162.275,24.1237,0.275946,0.829962,163.462,365.85,0.275946
CCCCC#CC#CCCCC,162.275,22.7397,0.247723,0.84104,246.974,438.85,0.247723
CCC#CCCCCC#CCC,162.275,21.7316,0.240405,0.836803,238.303,427.85,0.240405
CCCCCCCCCC#C,152.28,22.1388,0.251986,0.776049,206.399,398.75,0.251986
CCCCCCCCC#CC,152.28,22.3771,0.249488,0.794231,205.793,394.95,0.249488
CCCCC#CC(C)(C)CC,152.28,23.223,0.26485,0.769799,177.533,378.85,0.26485
CCCCCC#CCCCC,152.28,22.377,0.255528,0.783949,195.725,382.05,0.255528
CCCCCCCC#CC=C,150.264,22.3336,0.238983,0.800445,206.918,406.85,0.238983
C#CCCCCCCCC#C,148.248,25.5592,0.263461,0.823148,196.265,377.85,0.274832
CCCCC#CC#CC(C)=C,146.232,25.3565,0.260825,0.775012,226.578,427.85,0.268058
C=CCC(CC=C)(C=C)C#C,146.232,25.4819,0.266371,0.822965,166.99,345.85,0.273494
C#CC#CC#CC#CC#CC#C,146.148,32.6372,0.234633,1.01156,292.22,546.85,0.234633
CC(C)CC#CCC(C)C,138.253,24.0292,0.259413,0.766062,158.931,349.15,0.259847
CCCCC#CCCCC,138.253,24.5441,0.259722,0.773518,177.851,367.75,0.259722
CCCC#CCCC(C)C,138.253,24.6735,0.261389,0.772163,172.113,360.85,0.261389
CCCCC#CC(C)(C)C,138.253,24.1035,0.270018,0.753291,153.031,335.85,0.270018
CCCCCCC#CCC,138.253,24.556,0.261636,0.770707,175.493,364.75,0.261636
CC#CC(C)(C)C(C)(C)C,138.253,25.5076,0.264313,0.797588,148.186,336.85,0.269069
CC(C)(C)C#CC(C)(C)C,138.253,25.5261,0.305446,0.714725,112.447,299.85,0.305446
CCC#CC(C)(CC)CC,138.253,25.9755,0.272806,0.775514,155.721,355.85,0.272806
CCCCCC#CCCC,138.253,24.1505,0.254653,0.773979,182.37,371.85,0.254653
CCCCCCCCC#C,138.253,23.7,0.25703,0.765145,174.0,346.7,0.254
CCCCC#CCC(C)=C,136.237,23.8272,0.252754,0.788637,169.32,348.85,0.251143
CCCCCCC#CC=C,136.237,25.0861,0.24628,0.792035,170.827,390.85,0.24628
CCCCCC\C=C/C#C,136.237,24.9554,0.247285,0.783195,178.004,379.85,0.247285
CCCCCCC#CC,124.226,26.4422,0.25291,0.772919,161.809,356.35,0.25291
CCCCCC#CCC,124.226,31.3476,0.304303,0.766578,156.639,349.55,0.304303
CCC#CC(C)(C)CC,124.226,27.8401,0.272095,0.76527,132.361,330.85,0.272095
CCCCC#CCCC,124.226,26.0623,0.254377,0.765548,155.669,347.25,0.254377
CC(C)CC#CC(C)C,124.226,27.5267,0.265557,0.789469,132.481,323.75,0.265557
CC(C)C#CC(C)(C)C,124.226,27.8472,0.297588,0.720861,110.718,299.95,0.297588
CCCCC#CC(C)C,124.226,27.2971,0.273262,0.74809,143.483,335.15,0.273262
CCC#CCCC(C)C,124.226,27.0498,0.264802,0.764081,151.799,342.85,0.264802
CCCCCCCC#C,124.226,26.1,0.26081,0.755794,150.7,324.9,0.261
CC#CCCCC#CC,120.194,32.933,0.241576,0.837892,180.09,459.65,0.241576
C#CCCCCCC#C,120.194,31.5034,0.263328,0.81984,161.977,382.05,0.263328
CC=C(C)C#CC(C)=C,120.194,26.6307,0.252358,0.802729,149.663,319.85,0.253974
CC(C=C)=CC#CC=C,118.178,31.6683,0.273346,0.843574,165.517,347.85,0.273346
CCCCC#CCC,110.199,29.9915,0.265554,0.756873,133.701,372.55,0.265554
CCCCCC#CC,110.199,30.1616,0.252588,0.763685,138.38,354.65,0.252588
CCC#CC(C)(C)C,110.199,31.0491,0.292106,0.727482,101.248,294.85,0.292106
CCC(C)(CC)C#C,110.199,30.9447,0.27354,0.745749,100.856,313.85,0.27354
CCCC#CCCC,110.199,30.8773,0.251626,0.754771,131.549,369.55,0.251626
CCCCCCC#C,110.199,28.8,0.26389,0.75109,126.2,300.85,0.267
CCCCC#CC=C,108.183,30.5054,0.265303,0.779849,132.784,319.85,0.265303
CC#CCCC#CC,106.167,35.911,0.25454,0.840945,143.416,420.85,0.238518
CC(C)(C)C#CC#C,106.167,36.3335,0.294931,0.755454,115.869,300.85,0.318535
CCCCC#CC#C,106.167,31.2586,0.25261,0.820567,130.693,330.85,0.245846
C#CCCCCC#C,106.167,34.4376,0.265772,0.818002,155.131,356.95,0.265772
CCC#CC#CCC,106.167,33.2745,0.253802,0.815333,163.489,369.85,0.253802
C=CC=CC#CC=C,104.152,35.2209,0.275501,0.81292,141.253,322.85,0.275501
COC(=O)CN1C(=S)SC(=C\c2ccc(cc2)N(C)C)/C1=O,98.1039,54.9742,0.348334,0.86225,178.219,403.85,0.348334
CCC(C)CC#C,96.1723,32.7653,0.275663,0.703896,89.706,283.85,0.272094
CCC(C)C#CC,96.1723,31.6533,0.256429,0.743026,99.514,294.85,0.256429
CC(C)CCC#C,96.1723,32.8339,0.274043,0.731756,91.567,282.65,0.274043
CCCC#CCC,96.1723,34.6511,0.252744,0.745581,109.145,348.65,0.252744
CCC#CC(C)C,96.1723,31.2951,0.257716,0.732179,94.61,287.85,0.257716
CCCCC#CC,96.1723,33.6551,0.254035,0.75202,112.376,330.55,0.254035
CC#CC(C)(C)C,96.1723,34.1795,0.284933,0.723377,82.877,279.85,0.284933
CC#CCC(C)C,96.1723,32.9991,0.258761,0.741712,102.281,319.05,0.258761
CCC(C)(C)C#C,96.1723,32.8451,0.270452,0.731897,72.913,273.85,0.270452
CCCCCC#C,96.1723,32.1,0.26722,0.73754,99.78,273.85,0.273
CCC=C(C)C#C,94.1564,31.684,0.252967,0.770178,92.973,272.85,0.252967
CCCC#CC=C,94.1564,33.9994,0.267345,0.764383,108.776,296.15,0.267345
CC=C(C)C#CC,94.1564,32.1785,0.263615,0.736047,98.53,280.85,0.262677
CC#CCCC#C,92.1405,34.8461,0.255192,0.80591,110.297,301.85,0.252132
C#CCCCC#C,92.1405,36.8403,0.248528,0.809251,111.49,335.25,0.248528
CC(C)(C#C)C#C,92.1405,40.3124,0.30452,0.757421,72.481,279.85,0.30452
CC(=C)C#CC=C,92.1405,33.7634,0.261188,0.765865,105.237,283.85,0.261248
C=CCC#CC#C,90.1246,42.1656,0.290435,0.74972,91.293,309.85,0.292109
CC#CC(C)C,82.1454,35.5903,0.260469,0.720052,72.845,267.15,0.260469
CCC(C)C#C,82.1454,36.5064,0.274277,0.708529,58.581,250.85,0.274277
CC(C)CC#C,82.1454,34.3579,0.260575,0.709406,61.224,248.75,0.260575
CC(C)(C)C#C,82.1454,36.75,0.28887,0.666274,37.72,215.35,0.289
CCCCC#C,82.1454,36.2,0.27056,0.72063,71.33,243.05,0.272
CCCC#CC,82.1454,35.3,0.25807,0.728629,84.52,275.85,0.256
CCC#CCC,82.1454,35.3,0.26069,0.720028,81.2,270.85,0.258
CCC#CC=C,80.1295,38.0934,0.266092,0.755719,83.748,270.25,0.266092
C/C=C(/C)C#C,80.1295,37.7093,0.254772,0.744826,68.974,275.85,0.254772
C=CCCC#C,80.1295,37.6386,0.273738,0.761021,70.997,250.75,0.273738
CC=CC#CC,80.1295,40.5696,0.272405,0.767906,86.223,274.35,0.272405
CC/C=C/C#C,80.1295,39.6052,0.281486,0.747576,72.974,254.15,0.281486
CCC#CC#C,78.1136,41.5411,0.271879,0.787103,98.219,276.85,0.271879
C=CC#CC=C,78.1136,41.6924,0.271015,0.776931,86.285,278.35,0.271015
C#CCCC#C,78.1136,42.5046,0.250258,0.797016,86.021,313.65,0.250258
CC#CC#CC,78.1136,46.4727,0.284277,0.757679,129.536,345.85,0.284277
CC#CCC#C,78.1136,43.4789,0.257894,0.812929,80.473,327.25,0.257894
C=C/C=C/C#C,78.1136,42.7745,0.27275,0.776319,84.973,277.85,0.27275
C#CC#CC#C,74.0819,58.6501,0.34879,0.682982,85.588,258.85,0.34879
CCC#CC,68.1185,40.3,0.25916,0.71595,56.12,245.85,0.258
CCCC#C,68.1185,41.7,0.27445,0.6954,40.18,208.05,0.289
CC(C)C#C,68.1185,42.0,0.28585,0.66977,29.0,190.05,0.3
C/C=C/C#C,66.1026,44.5141,0.26748,0.735082,45.903,234.85,0.26748
C/C=C/C#C,66.1026,44.5753,0.266177,0.725766,51.419,243.85,0.266177
C\C=C/C#C,66.1026,44.4444,0.275553,0.694292,43.979,231.85,0.275553
C=CCC#C,66.1026,44.0,0.26675,0.726207,42.5,229.85,0.269
CC(=C)C#C,66.1026,43.8,0.27331,0.700755,32.25,218.85,0.266
CC#CC=C,66.1026,44.0,0.26181,0.735691,59.25,246.85,0.261
CC#CC#C,64.0868,47.6155,0.27493,0.743878,54.975,235.85,0.27493
CCC#C,54.0916,46.0,0.27045,0.65,8.07,166.85,0.262
CC#CC,54.0916,48.7,0.26522,0.6965,26.98,200.05,0.274
C=CC#C,52.0758,48.6,0.26408,0.65,5.1,180.85,0.264
C#CC#C,50.0599,54.4848,0.301512,0.702712,9.736,186.85,0.301512
CC#C,40.0648,56.3,0.27041,0.63,-23.21,129.25,0.276
C#C,26.0379,61.38,0.27112,0.615,-83.95,35.15,0.268
CCCCCCCCCCCCCCCCCCCCCC(C)CCCCCCCCCCCCCCCCCCCCC,619.199,3.44337,,,,,
CCCCCCCCCCCCCCCCCCCCCCCCCCCCCCCCCC(C)C,506.984,4.87935,,,498.787,592.85,
CCCCCCCCCCCCCCCCCCCCCCCCCCCCCCCCC(C)CC,506.984,4.87935,,,,592.85,
CCCCCCCCCCCCCCCCCCCCCCCCCCCCCCCC(C)CCC,506.984,4.87935,,,,592.85,
CCCCCCCCCCCCCCCCCCCCCCCCCCCCCCC(C)CCCC,506.984,4.87935,,,,592.85,
CCCCCCCCCCCCCCCCCCCCCCCCCCCCCCCCC(C)C,492.957,5.10938,,,490.026,587.85,
CCCCCCCCCCCCCCCCCCCCCCCCCCCCCCC(C)CCC,492.957,5.10938,,,,587.85,
CCCCCCCCCCCCCCCCCCCCCCCCCCCCCCCC(C)CC,492.957,5.10938,,,,587.85,
CCCCCCCCCCCCCCCCCCCCCCCCCCCCCC(C)CCCC,492.957,5.10938,,,,587.85,
CCCCCCCCCCCCCCCCCCCCCCCCCCCCCCCC(C)C,478.93,5.3525,,,493.947,581.85,
CCCCCCCCCCCCCCCCCCCCCCCCCCCCC(C)CCCC,478.93,5.3525,,,,581.85,
CCCCCCCCCCCCCCCC(C)CCCCCCCCCCCCCCC,450.876,,,0.826128,,569.85,
CCCCCCCCCCCCC(C)CCCCCCCCCCCC,366.715,7.91681,0.208835,0.809816,405.649,529.85,0.208835
CCCCCCCCCCCCCCCCCCCCCC(C)C,338.661,8.7816,0.216607,0.802036,382.525,513.85,0.216607
CCCCCCCCCCCCCCCCCCC(C)CCCC,338.661,11.623,0.283669,0.801483,381.313,513.95,0.283669
CCCCCCCCCCCCCCCCCCC(C)CC,310.607,12.3482,0.277531,0.79721,359.362,499.25,0.277531
CCCCCCCCCCCCCCCC(C)CCCC,296.58,11.758,0.239856,0.796702,348.564,492.25,0.252167
CCCCCCCCCCCCCCCCCC(C)CC,296.58,15.0794,0.341054,0.797285,347.494,474.55,0.341054
CCCCCCCCCCC(C)CCCCCCCCC,296.58,10.5386,0.219415,0.795075,353.124,505.85,0.219415
CCCCCCCCCCCCCCCCCC(C)C,282.553,13.8083,0.282767,0.788898,335.501,481.75,0.282767
CCCCCCCCCCCCCCC(C)CCCC,282.553,12.8759,0.264181,0.793098,337.27,484.35,0.264181
CCCCCCCCCCCCCCCCC(C)CC,282.553,12.769,0.256965,0.790847,338.805,492.85,0.256965
CCCCCCCCCCC(C)CCCCCCC,268.527,11.8092,0.228198,0.789248,327.183,479.85,0.228198
CCCCCCCCCCCC(C)CCCCCC,268.527,11.8092,0.22782,0.790427,327.183,479.85,0.22782
CCCCCCCCCCCCCCCCC(C)C,268.527,13.4224,0.263107,0.782643,323.288,473.55,0.263107
CCCCCCCCCC(C)CCCCCCCC,268.527,11.8092,0.228239,0.788851,327.183,479.85,0.228239
CCCCCCCCCCCCC(C)CCCCC,268.527,11.8092,0.228213,0.789188,327.183,479.85,0.228213
CCCCCCCCCCCCCCC(C)CCC,268.527,11.8094,0.230421,0.789458,323.936,474.15,0.230421
CCCCCCCCCCCCCCCC(C)CC,268.527,14.5521,0.285697,0.790757,324.716,475.15,0.285697
CCCCCCCCC(C)CCCCCCCC,254.5,11.6892,0.215808,0.790362,318.134,470.85,0.215808
CCCCCCCCCCCCCCCC(C)C,254.5,12.4299,0.232243,0.783631,309.879,462.45,0.232243
CCCCCCCCCCCCCCC(C)CC,254.5,14.5231,0.271717,0.784686,311.217,464.85,0.271717
CCCCCCCCCCCCC(C)CCCC,254.5,12.3295,0.231668,0.78608,309.099,462.15,0.231663
CCCCCCCCCCCCCCC(C)C,240.473,14.3078,0.258123,0.779246,296.74,452.45,0.258123
CCCCCCCCCC(C)CCCCCC,240.473,13.0915,0.235148,0.784578,288.089,443.85,0.233516
CCCCCCCCCCCCCC(C)CC,240.473,15.4566,0.277227,0.781789,295.208,451.15,0.277227
CCCCCCCCCCCCC(C)CCC,240.473,12.6403,0.229402,0.781462,295.516,451.65,0.225692
CCCCCCCCCCCC(C)CCC,226.446,14.3224,0.244052,0.778706,281.034,440.35,0.244052
CCCCCCCCCC(C)CCCCC,226.446,13.4274,0.230312,0.779366,278.076,431.85,0.230312
CCCCCCCCCCCCC(C)CC,226.446,15.536,0.259115,0.778674,284.346,452.45,0.259115
CCCCCCCCCCCCCC(C)C,226.446,14.2372,0.241839,0.774774,285.847,441.75,0.241839
CCCCCCCC(C)CCCCCCC,226.446,13.1074,0.225106,0.777958,277.71,431.85,0.225106
CCCCCCCCC(C)CCCCCC,226.446,13.4448,0.225876,0.778288,280.792,443.85,0.225876
CCCCCCCCCCC(C)CCCC,226.446,13.4371,0.230887,0.778801,277.722,436.35,0.230887
CCCCCCCCCCCCC(C)C,212.419,14.4244,0.229475,0.769145,268.3,436.75,0.229475
CCCCCCCC(C)CCCCCC,212.419,14.4135,0.235187,0.773297,269.981,426.05,0.235187
CCCCCCCCC(C)CCCCC,212.419,14.4135,0.232166,0.772499,264.544,426.05,0.232166
CCCCCCCCCC(C)CCCC,212.419,15.8258,0.255068,0.773718,263.073,424.15,0.255068
CCCCCCCCCCC(C)CCC,212.419,14.3704,0.2323,0.774864,263.946,425.55,0.2323
CCCCCCCCCCCC(C)CC,212.419,16.5702,0.265675,0.773415,266.201,428.55,0.265675
CCCCCCC(C)CCCCCC,198.392,16.0422,0.251457,0.767251,251.818,404.85,0.251457
CCCCCCCC(C)CCCCC,198.392,14.8678,0.235386,0.768415,242.278,392.85,0.235386
CCCCCCCCCC(C)CCC,198.392,15.9598,0.245614,0.76923,248.49,411.95,0.245614
CCCCCCCCC(C)CCCC,198.392,16.7319,0.255512,0.767333,246.242,409.95,0.255512
CCCCCCCCCCCC(C)C,198.392,16.04,0.24454,0.75854,247.9,410.95,0.244
CCCCCCCCCCC(C)CC,198.392,16.06,0.24378,0.763197,248.4,411.55,0.244
Cc1ccc(O)c(NC(=O)c2ccc(cc2)c3ccccc3)c1,184.365,16.5515,0.24325,0.760587,227.016,388.85,0.24325
CCCCCCCCC(C)CCC,184.365,23.3381,0.341483,0.761557,228.601,391.85,0.341483
CCCCCCCC(C)CCCC,184.365,16.5784,0.240792,0.762038,226.467,391.15,0.240792
CCCCCCCCCC(C)CC,184.365,17.19,0.24647,0.756866,230.2,395.85,0.247
CCCCCCCCCCC(C)C,184.365,17.17,0.2474,0.751328,229.5,394.85,0.247
CCCCCCC(C)CCCC,170.338,20.2053,0.275832,0.756696,207.727,372.85,0.275832
CCCCCCCC(C)CCC,170.338,17.9242,0.246326,0.754449,209.979,373.55,0.246326
CCCCCCCC[C@@H](C)CC,170.338,17.9242,0.235206,0.78709,205.669,373.85,0.235206
CCCCCCCCC(C)CC,170.338,18.47,0.24924,0.749299,211.2,379.15,0.249
CCCCCCCCCC(C)C,170.338,18.42,0.25017,0.743751,210.0,377.55,0.25
CCCCCC(C)CCCC,156.312,19.9182,0.257463,0.744907,187.762,355.35,0.257463
CCCCCCC(C)CCC,156.312,21.0985,0.270772,0.745853,188.004,355.55,0.270772
CCCCCCCCC(C)C,156.312,19.82,0.25296,0.734659,189.2,358.65,0.253
CCCCCCCC(C)CC,156.312,19.89,0.25202,0.740561,190.9,360.95,0.252
CCCCCC[C@@H](C)CC,142.285,21.3689,0.253947,0.737903,167.753,337.85,0.254139
CCCCCC[C@@H](C)CC,142.285,21.3689,0.253947,0.737903,167.753,337.85,0.254139
CCCCCCC(C)CC,142.285,21.3689,0.252678,0.737907,164.52,337.85,0.252678
CCCCCCC(C)CC,142.285,21.6,0.25547,0.73754,167.8,339.85,0.247
CCCCCCCC(C)C,142.285,21.2,0.25456,0.73058,167.0,336.85,0.244
CCCCCC(C)CCC,142.285,21.6,0.25616,0.73646,165.7,336.85,0.248
CCCCC(C)CCCC,142.285,21.6,0.25609,0.7367,165.15,336.85,0.248
CCCC[C@H](C)CCC,128.258,22.9575,0.257485,0.720498,140.982,309.85,0.257505
CCCCC(C)CCC,128.258,23.4,0.25873,0.72301,142.44,314.5,0.25
CCCCCC(C)CC,128.258,23.4,0.25825,0.72304,144.23,317.0,0.252
CCCCCCC(C)C,128.258,23.1,0.25903,0.7163,143.3,309.72,0.258
CCCC[C@@H](C)CC,114.231,25.1192,0.261267,0.710326,117.586,288.05,0.261267
CCCCCC(C)C,114.231,25.0,0.25973,0.7021,117.65,286.55,0.262
CCCC(C)CCC,114.231,25.4,0.25989,0.709,117.71,288.55,0.259
CCCCC(C)CC,114.231,25.5,0.25947,0.7101,118.93,290.45,0.253
CCCC(C)CC,100.204,28.6929,0.271234,0.691749,91.544,261.95,0.271234
CCCC(C)CC,100.204,28.1,0.26293,0.6917,91.85,262.05,0.255
CCCCC(C)C,100.204,27.4,0.26373,0.683,90.049,257.25,0.262
CCC(C)CC,86.1772,31.2,0.26855,0.6689,63.27,231.45,0.274
CCCC(C)C,86.1772,30.4,0.2687,0.6579,60.26,224.55,0.27
CCC(C)C,72.1503,33.8,0.27164,0.6247,27.844,187.25,0.27
CC(C)C,58.1234,36.4,0.27493,0.5631,-11.72,134.65,0.278
CCCCCCCCCCCCCCCCC=C(C)C,280.538,11.5666,0.225239,0.802063,345.838,502.85,0.225239
CCCCCCCCCCCCCCCCCC(C)=C,280.538,11.4711,0.225431,0.799432,345.558,498.85,0.225431
CCCCCCCCCCCCCCCC(C)=CC,266.511,12.1872,0.229402,0.803507,337.98,488.85,0.229702
CCCCCCCCCCCCCCC=C(C)C,252.484,12.5953,0.235727,0.798346,312.026,457.85,0.235727
CCCCCCCCC(C)=CCCCCCCC,252.484,12.5953,0.232183,0.795104,302.332,457.85,0.230751
CCCCCCCCCCCCCC(C)=C,224.43,13.8302,0.226077,0.787181,272.342,439.85,0.226077
CCCCCCCCCCCC(C)C=C,210.403,15.2111,0.240944,0.777801,255.434,418.85,0.242367
CCCCCCCCCCCC(C)=C,196.376,16.1488,0.236253,0.778746,240.344,414.85,0.236253
CCCCCC/C(C)=C/CCCCC,196.376,16.3168,0.243314,0.776888,240.501,406.85,0.243314
CCCCCCCCCCC=C(C)C,196.376,16.3168,0.243508,0.776185,240.501,406.85,0.243508
CCCCCCCCCC(C)=C,168.323,18.3345,0.244296,0.765883,204.546,373.85,0.244296
CCCCCC(C)=CCCCC,168.323,18.8309,0.248769,0.772339,205.803,374.85,0.248769
CCCCCC=CCC(C)C,154.296,20.3917,0.254064,0.746756,194.106,356.95,0.257191
CCCCCC[C@@H](C)CC=C,154.296,20.0202,0.251463,0.754247,183.615,347.85,0.253103
CCCCCC(C)=CCCC,154.296,20.5131,0.251025,0.761918,188.235,362.85,0.252039
CCCCCCC(C)CC=C,154.296,20.0205,0.243117,0.805798,183.609,347.85,0.243117
CCCCCCC(C)CC=C,154.296,20.008,0.249584,0.759662,180.959,347.85,0.249584
CCCCCC=CC(C)C,140.269,22.292,0.262934,0.738097,160.988,332.35,0.262934
CCCC/C(C)=C/CCC,140.269,21.9466,0.250605,0.766734,164.688,335.75,0.250605
CCCCCCC=C(C)C,140.269,22.9018,0.266415,0.752738,170.991,337.85,0.266415
CCCCCCCC(C)=C,140.269,21.9,0.25267,0.743063,168.4,342.85,0.236
CC(C)CCCCCC=C,140.269,21.9,0.23998,0.813676,170.5,345.85,0.24
CCCCC(C)C=CC,126.242,24.4589,0.264796,0.736971,137.582,308.65,0.264796
CCCCCC=C(C)C,126.242,25.6669,0.273083,0.745963,145.293,317.85,0.273083
CCCCC=CC(C)C,126.242,24.4589,0.268676,0.726403,137.341,308.35,0.268676
CC=CCCCC(C)C,126.242,24.459,0.262238,0.734015,142.533,315.65,0.262238
CCCCCC(C)=CC,126.242,24.0408,0.25489,0.749253,145.275,317.85,0.256606
CCCC=C(C)CCC,126.242,23.6614,0.252829,0.750057,137.52,308.65,0.252829
CC/C=C/CCC(C)C,126.242,24.7674,0.268895,0.73208,141.355,310.85,0.268895
CCCC=CCC(C)C,126.242,24.4589,0.257548,0.743498,139.03,319.85,0.257548
CCCCCCC(C)=C,126.242,23.8,0.25532,0.732043,144.65,319.85,0.245
CC(C)CCCCC=C,126.242,23.8,0.25097,0.767194,135.0,305.85,0.251
CCCC\C(C)=C\C,112.215,26.4909,0.258949,0.73374,122.02,297.85,0.258949
CCCCC(C)C=C,112.215,24.9821,0.256207,0.716294,111.336,280.15,0.256207
CCC\C=C\C(C)C,112.215,26.9527,0.276499,0.710351,113.125,283.15,0.276499
CC/C=C/CC(C)C,112.215,26.958,0.272733,0.712952,113.956,284.45,0.272733
CC=CCCC(C)C,112.215,26.9577,0.267631,0.719622,117.672,289.85,0.267631
CCC/C=C(C)/CC,112.215,26.6522,0.258716,0.732386,120.734,300.85,0.258716
CCC\C(C)=C/CC,112.215,26.4734,0.257813,0.728518,118.847,297.85,0.257813
CCCC(C)\C=C\C,112.215,26.9604,0.276659,0.722458,113.542,284.05,0.276659
CCC(C)CCC=C,112.215,26.4378,0.264943,0.720917,113.215,282.55,0.264943
CCC=CCC(C)C,112.215,26.9872,0.272299,0.716989,113.758,281.65,0.272299
CCCCC=C(C)C,112.215,26.3783,0.260564,0.72868,122.38,295.75,0.260564
CCC(CC)\C=C/C,112.215,26.9651,0.26872,0.719633,114.18,284.25,0.26872
CCCCCC(C)=C,112.215,26.0,0.2581,0.72483,119.22,293.85,0.25
CCC[C@@H](C)CC=C,112.215,26.04,0.26062,0.715171,112.8,284.15,0.255
CC(C)CCCC=C,112.215,26.0,0.2613,0.709685,113.2,284.85,0.254
CC(=C)CC(C)(C)C,112.215,26.958,0.26476,0.727347,112.174,289.85,0.26476
CC/C=C/C(C)C,98.1882,29.8602,0.280137,0.694251,85.856,253.55,0.280137
CCC\C(C)=C/C,98.1882,31.2483,0.277254,0.71952,97.244,271.85,0.277254
CCC(C)\C=C/C,98.1882,29.8861,0.276617,0.703847,86.069,254.25,0.276617
C\C=C/CC(C)C,98.1882,29.9071,0.275156,0.705245,89.84,259.65,0.275156
CC\C=C(C)/CC,98.1882,31.2925,0.277606,0.717537,95.372,271.85,0.277606
CC\C=C/C(C)C,98.1882,29.878,0.27826,0.698941,86.177,254.35,0.27826
CCC(C)\C=C\C,98.1882,29.8612,0.27612,0.703071,87.608,256.15,0.27612
CCC\C(C)=C\C,98.1882,28.9193,0.280832,0.726891,94.448,265.85,0.280832
CC/C=C(C)/CC,98.1882,30.1827,0.270379,0.71447,93.515,267.85,0.270379
CCCC=C(C)C,98.1882,30.6245,0.280576,0.713177,94.821,263.85,0.280576
CCC\C(C)=C\C,98.1882,31.8427,0.282948,0.718359,94.561,270.85,0.282948
C/C=C/CC(C)C,98.1882,29.8609,0.276696,0.700757,88.061,256.85,0.276696
CCCCC(C)=C,98.1882,28.7,0.26155,0.70743,91.84,264.85,0.255
CC(C)CCC=C,98.1882,28.7,0.26556,0.689416,85.31,254.85,0.26
CCC(C)CC=C,98.1882,30.4,0.27172,0.703,86.73,260.85,0.273
CCCC(C)C=C,98.1882,29.5,0.26952,0.69592,83.9,254.85,0.267
C/C=C/C(C)C,84.1613,32.2,0.26965,0.6736,58.6,227.85,0.267
CC[C@H](C)C=C,84.1613,30.8408,0.27146,0.672425,53.923,216.85,0.27146
CC\C(C)=C\C,84.1613,32.1369,0.259159,0.701621,68.415,237.85,0.259159
CCCC(C)=C,84.1613,31.9,0.26503,0.68476,62.1,231.85,0.261
CCC=C(C)C,84.1613,31.6,0.26066,0.6912,67.3,240.85,0.268
CCC(C)C=C,84.1613,32.9,0.27428,0.67217,54.18,221.85,0.274
CC(C)CC=C,84.1613,32.2,0.27167,0.66857,53.86,222.85,0.269
CC\C(C)=C\C,84.1613,31.9,0.25914,0.7023,70.438,243.85,0.255
C\C=C/C(C)C,84.1613,32.2,0.26988,0.6741,56.38,225.85,0.269
C/C=C/C(C)C,84.1613,32.2,0.26965,0.6736,58.6,227.85,0.267
CC\C(C)=C/C,84.1613,32.902,0.26499,0.698,67.7,241.85,0.264
CC(C)C=C,70.1344,35.3,0.2741,0.6325,20.055,179.55,0.286
CC=C(C)C,70.1344,34.2,0.25902,0.6676,38.555,196.85,0.256
CCC(C)=C,70.1344,34.47,0.26276,0.6557,31.155,191.85,0.26
CC(C)=C,56.1075,40.0,0.27256,0.6004,-6.9,144.75,0.275
