,CAS number,Component name,Mw,PC,RKTZRA,SG,TB,TC,ZC
0,61614-58-2,C87H176,1222.35,,,0.823474,,756.85,
1,72936-31-3,C75H152,1054.03,,,0.833495,,729.85,
2,72942-96-2,C67H136-N2,941.817,,,0.835752,,707.85,
3,72936-30-2,C59H120,829.602,2.23433,,0.840052,,684.85,
4,16-33-8,18-HEPTADECYLHEXATRIACONTANE,745.441,2.5641,,,,,
5,16-33-7,22-NONYLTRITETRACONTANE,731.414,,,,,,
6,55256-07-0,"TETRATRIACONTANE,-17-HEXADECYL-",703.36,2.81519,,0.830329,,679.85,
7,18-26-2,C48H98-N1,675.306,,,,,,
8,18-25-4,16-PENTADECYLDOTRIACONTANE,661.279,3.10505,,,,,
9,18-25-3,C46H94-N2,647.252,,,,,,
10,18-26-3,12-DECYL-1-NONYLTETRACOSANE,605.172,,,,,,
11,18-25-2,C42H86-N2,591.145,,,,,,
12,55470-97-8,C42H86-N1,591.145,3.84016,0.159178,0.823857,478.589,560.85,0.159178
13,856364-07-3,C40H82-N3,563.091,,,,,,
14,45316-02-7,C40H82-N1,563.091,4.01122,,,,,
15,18-25-0,"13-METHYL-11,13-DIOCTYLTRICOSANE",563.091,,,,,,
16,55517-73-2,13-DODECYLHEXACOSANE,535.037,4.30433,0.185553,0.822466,515.806,579.85,0.185553
17,83480-53-9,13-DODECYLPENTACOSANE,521.01,4.6615,0.170623,0.82228,500.297,598.85,0.170623
18,55517-89-0,13-UNDECYLPENTACOSANE,506.984,5.23911,0.184226,0.818034,478.595,579.85,0.184226
19,16-33-5,16-BUTYLHENTRIACONTANE,492.957,5.10938,0.174624,0.824003,,587.85,0.174624
20,55429-83-9,"HEXACOSANE,-9-OCTYL-",478.93,5.1101,0.165504,0.819785,464.167,580.85,0.165504
21,55429-84-0,"TETRACOSANE,-11-DECYL-",478.93,5.42741,0.176512,0.819605,460.842,579.85,0.176512
22,16-33-4,12-UNDECYLTRICOSANE,478.93,5.3525,0.174776,0.818345,,581.85,0.174776
23,16-33-3,16-ETHYLHENTRIACONTANE,464.903,5.60968,0.177227,0.82112,,575.85,0.177227
24,55401-54-2,"TETRACOSANE,-9-OCTYL-",450.876,6.10997,0.194658,0.816171,452.473,559.85,0.194658
25,18-26-1,"9,11-DIHEXYL-11-METHYLNONADECANE",450.876,5.8025,,,451.853,558.85,
26,18-24-2,"9,10,11,12-TETRAPROPYLEICOSANE",450.876,5.82959,0.193485,0.824485,453.58,562.85,0.180605
27,18-24-3,C32H66-N6,450.876,5.96046,0.196987,0.821298,429.229,557.85,0.180795
28,55401-55-3,11-DECYLDOCOSANE,450.876,5.83327,0.185317,0.815955,449.282,557.85,0.185317
29,55320-06-4,11-DECYLHENEICOSANE,436.849,6.09782,0.178136,0.816804,448.611,574.85,0.178136
30,55319-83-0,9-OCTYLDOCOSANE,422.822,5.99347,0.18096,0.814523,425.367,538.85,0.18096
31,28804-56-0,11-NONYLHENEICOSANE,422.822,6.47709,0.191625,0.811345,443.22,557.85,0.191625
32,111-01-3,SQUALANE,422.822,7.0,0.23296,0.806471,417.45,548.85,0.211
33,103165-25-9,10-NONYLEICOSANE,408.795,6.80506,0.194983,0.810374,433.496,550.85,0.194983
34,116151-75-8,10-OCTYLEICOSANE,394.769,7.14904,0.198498,0.808715,424.17,543.85,0.198498
35,55373-86-9,7-HEXYLDOCOSANE,394.769,7.30417,0.199938,0.814032,419.846,546.85,0.199938
36,13475-77-9,9-OCTYLEICOSANE,394.769,7.32206,0.203236,0.811109,419.464,543.85,0.203236
37,16-19-7,C28H58-N6,394.769,,,,,523.85,
38,3035-75-4,C28H58-N1,394.769,6.87728,0.192196,0.8078,371.371,504.85,0.192196
39,16-19-8,10-NONYLNONADECANE,394.769,7.16946,0.206482,0.813225,423.292,543.85,0.203198
40,13287-08-6,9-OCTYLNONADECANE,380.742,7.51811,0.195591,0.812944,400.406,536.85,0.195591
41,103036-93-7,10-HEPTYLEICOSANE,380.742,7.51811,0.201874,0.806948,414.386,536.85,0.201874
42,55282-16-1,5-BUTYLDOCOSANE,366.715,7.60164,0.195965,0.82041,399.328,527.85,0.195965
43,55282-17-2,"TETRACOSANE,-3-ETHYL-",366.715,8.51083,0.230013,0.811057,420.811,529.85,0.230013
44,13475-76-8,11-BUTYLDOCOSANE,366.715,7.71088,0.19722,0.807764,398.79,530.85,0.19722
45,15874-05-2,"6,12-DIETHYL-9-PENTYLHEPTADECANE",366.715,8.13716,0.20319,0.812195,389.589,539.85,0.20319
46,55282-14-9,9-BUTYLDOCOSANE,366.715,7.84251,0.20087,0.808377,397.843,529.85,0.20087
47,16-19-1,"9,12,15-TRIMETHYLTRICOSANE",366.715,7.77229,0.20142,0.807851,,514.85,0.20142
48,55333-99-8,7-HEXYLEICOSANE,366.715,8.18659,0.202416,0.807345,375.014,528.85,0.202416
49,15874-06-3,"6,9,12-TRIPROPYLHEPTADECANE",366.715,7.85919,0.20854,0.81119,,503.85,0.20854
50,55282-15-0,7-BUTYLDOCOSANE,366.715,7.91194,0.203461,0.808212,400.185,529.85,0.203461
51,16-13-0,C26H54-N20,366.715,,,0.824902,,562.85,
52,55282-12-7,C26H54-N10,366.715,7.69467,0.1976,0.814201,382.682,514.85,0.1976
53,16-21-1,"6,11-DI(3-METHYLBUTYL)HEXADECANE",366.715,7.70247,0.201726,0.805221,,507.85,0.201726
54,14739-72-1,11-PENTYLHENEICOSANE,366.715,7.94872,0.212145,0.807466,393.229,517.85,0.212145
55,55282-10-5,11-NEOPENTYLHENICOSANE,366.715,7.68574,0.201004,0.806371,388.246,506.034,0.201004
56,115486-45-8,10-HEXYLEICOSANE,366.715,7.91194,0.205073,0.80569,404.591,529.85,0.205073
57,7225-64-1,9-OCTYLHEPTADECANE,352.688,8.18406,0.204005,0.806068,383.788,516.85,0.204005
58,102896-48-0,10-PENTYLEICOSANE,352.688,8.33288,0.20936,0.802646,395.311,521.85,0.20936
59,16-12-6,9-HEPTYLHEPTADECANE,338.661,8.78359,0.216202,0.802744,373.35,513.85,0.208177
60,18-16-7,4-BUTYLEICOSANE,338.661,8.78359,0.216422,0.804998,377.62,513.85,0.214222
61,1936031,7-HEXYLOCTADECANE,338.661,8.78359,0.211028,0.80264,382.59,513.85,0.211028
62,16-12-5,"4,8,13,17-TETRAMETHYLEICOSANE",338.661,8.61521,0.215713,0.808795,375.653,490.85,0.216734
63,13287-06-4,5-BUTYLEICOSANE,338.661,8.78359,0.214369,0.798669,377.62,513.85,0.214369
64,16-05-8,C24H50-N23,338.661,8.27162,0.196249,0.889817,349.804,504.85,0.176524
65,103212-91-5,C24H50-N4,338.661,8.61603,0.210237,0.804584,369.83,498.85,0.210237
66,22-96-8,C24H50-N15,338.661,8.25737,0.212264,0.803992,354.771,483.85,0.203698
67,16-12-8,C24H50-N14,338.661,8.68113,0.210704,0.82066,370.449,523.85,0.196252
68,18-19-3,"7,9-DIBUTYL-9-METHYLPENTADECANE",338.661,9.42244,0.200835,0.909781,407.269,570.85,0.18538
69,16-12-7,"7,8-DI(3-METHYLBUTYL)TETRADECANE",338.661,8.58153,0.197827,0.921852,360.961,495.85,0.185059
70,115293-90-8,"2,4,6-TRIMETHYLHENEICOSANE",338.661,8.61603,0.210902,0.802213,367.213,498.85,0.210902
71,55124-79-3,"HEPTADECANE,-9-HEXYL-",324.634,9.63382,0.21718,0.801208,366.497,514.85,0.21718
72,102542-69-8,"2,4,6-TRIMETHYLEICOSANE",324.634,9.08285,0.214272,0.799664,355.13,489.85,0.214272
73,95287-33-5,C22H46-N6,310.607,10.371,0.207051,0.810034,339.505,527.85,0.207051
74,102886-17-9,C22H46-N7,310.607,9.25552,0.203221,0.807237,330.393,478.85,0.203221
75,16-22-3,C22H46-N14,310.607,9.42102,0.217699,0.801787,326.498,483.85,0.204523
76,16-22-2,C22H46-N13,310.607,9.56137,0.218102,0.790114,351.338,509.85,0.205745
77,102886-19-1,"NONADECANE,-2,4,6-TRIMETHYL-",310.607,9.38133,0.218614,0.796926,336.288,464.25,0.218614
78,71005-15-7,8-HEPTYLPENTADECANE,310.607,10.0656,0.2176,0.80223,363.516,518.85,0.2176
79,16-22-0,4-PROPYLNONADECANE,310.607,10.0727,0.222412,0.793404,367.287,518.85,0.22117
80,114000-79-2,"OCTADECANE,-2,4,6-TRIMETHYL-",296.58,9.92509,0.221169,0.794115,324.349,455.85,0.221169
81,16-06-0,C21H44-N12,296.58,10.1221,0.209082,0.888926,324.847,469.85,0.198371
82,13475-75-7,"PENTADECANE,-8-HEXYL-",296.58,10.6671,0.219719,0.796345,349.296,505.85,0.219719
83,16-21-9,7-HEXYLPENTADECANE,296.58,10.608,0.225104,0.794149,342.775,505.85,0.216516
84,102155-32-8,"HEPTADECANE,-2,4,6-TRIMETHYL-",282.553,16.6788,0.353358,0.79138,307.27,447.15,0.353358
85,55044-10-5,"HEPTADECANE,-4-PROPYL-",282.553,10.8083,0.212793,0.796853,331.323,492.85,0.212793
86,16-21-5,"5,7,9-TRIETHYLTETRADECANE",282.553,10.1103,0.217567,0.802357,305.871,459.85,0.204615
87,16-21-7,C20H42-N18,282.553,10.6727,0.223716,0.791515,323.231,477.85,0.215422
88,21-20-7,C20H42-N34,282.553,10.5181,0.224649,0.793692,294.807,452.85,0.21026
89,638-36-8,C20H42-N2,282.553,11.4225,0.235203,0.794254,314.563,463.85,0.235203
90,16-21-4,C20H42-N15,282.553,10.6102,0.210769,0.87989,316.37,464.85,0.199675
91,504-44-9,CROCETANE,282.553,9.11857,0.195404,0.790089,321.146,451.85,0.195404
92,102155-33-9,"7,8,9,10-TETRAMETHYLHEXADECANE",282.553,11.016,0.213419,0.814751,321.935,484.85,0.213419
93,1830786,5-BUTYLHEXADECANE,282.553,10.7355,0.21114,0.794655,329.626,492.85,0.21114
94,13287-02-0,3-ETHYLOCTADECANE,282.553,11.227,0.221232,0.797357,341.065,497.85,0.221232
95,16-09-1,"5-ETHYL-2-5,DIMETHYLHEXADECANE",282.553,10.979,0.204462,0.931107,343.027,504.85,0.186275
96,49585-17-3,"2,2,15,15-TETRAMETHYLHEXADECANE",282.553,10.631,0.199399,0.908377,333.303,466.85,0.199399
97,7225-66-3,7-HEXYLTRIDECANE,268.527,10.1657,0.19123,0.791518,314.428,481.85,0.19123
98,13287-00-8,5-BUTYLPENTADECANE,268.527,11.8077,0.224075,0.792537,317.795,479.85,0.224075
99,102013-94-5,"HEXADECANE,-2,4,6-TRIMETHYL-",268.527,17.8325,0.352374,0.788204,296.338,449.55,0.352374
100,17-27-1,C19H40-N20,268.527,11.0815,0.217172,0.846117,283.059,445.85,0.203728
101,1921-70-6,PRISTANE,268.527,11.9085,0.233182,0.786052,302.301,458.85,0.233182
102,94381-24-5,"4,8,12-TRIMETHYLHEXADECANE",268.527,11.0374,0.216827,0.806193,302.468,448.85,0.216827
103,16-20-9,"3,3,7,11,11-PENTAMETHYLTRIDECANE",254.5,12.6916,0.233403,0.792562,308.308,467.85,0.231772
104,129993-85-7,8-PROPYLPENTADECANE,254.5,12.4828,0.22945,0.794585,310.764,465.85,0.22945
105,101882-67-1,"PENTADECANE,-2,4,6-TRIMETHYL-",254.5,18.6252,0.35559,0.784799,277.724,430.75,0.35559
106,6304-50-3,C18H38-N3,254.5,12.1151,0.210186,0.8464,285.642,449.85,0.210186
107,62850-21-9,"1,1,2,2-TETRA-TERT-BUTYLETHANE",254.5,11.5615,0.209914,0.85735,290.029,498.85,0.181705
108,16-20-7,6-PENTYLDODECANE,240.473,13.0915,0.231442,0.803283,291.922,443.85,0.230253
109,101791-52-0,C17H36-N6,240.473,15.8854,0.236577,0.849908,295.403,499.85,0.236577
110,101791-53-1,"TETRADECANE,-2,4,6-TRIMETHYL-",240.473,21.0618,0.385367,0.781236,262.307,416.75,0.385367
111,15-92-3,C17H36-N16,240.473,13.6365,0.23767,0.796216,270.647,444.85,0.232985
112,93816-20-7,7-BUTYLTRIDECANE,240.473,13.0915,0.233206,0.78144,284.04,443.85,0.233206
113,13286-74-3,4-PROPYLTETRADECANE,240.473,13.0915,0.231887,0.788004,287.43,443.85,0.231887
114,103392-36-5,"TRIDECANE,-2,4,6-TRIMETHYL-",226.446,19.4086,0.337834,0.776782,249.243,406.05,0.337834
115,55045-09-5,"TRIDECANE,-7-PROPYL-",226.446,13.4587,0.228236,0.779807,272.758,431.85,0.228236
116,16-11-7,"2,6,7,11-TETRAMETHYLDODECANE",226.446,13.7991,0.228518,0.8409,262.519,416.85,0.22371
117,7249-32-3,6-PENTYLUNDECANE,226.446,13.3273,0.229098,0.779918,264.603,420.85,0.229098
118,78715-64-7,"3,3,6,6-TETRAETHYLOCTANE",226.446,16.2198,0.243471,0.827387,284.998,472.85,0.243471
119,16-11-6,"3,3,10,10-TETRAMETHYLDODECANE",226.446,14.579,0.234194,0.828899,267.818,439.85,0.228869
120,101432-90-0,C16H34-N22,226.446,13.7786,0.228842,0.787374,250.108,421.85,0.228842
121,16-12-3,C16H34-N32,226.446,14.7815,0.242136,0.800572,251.816,426.85,0.239949
122,15-92-2,C16H34-N23,226.446,16.687,0.244605,0.841697,273.572,477.85,0.240131
123,16-11-8,"2,2,6,10,10-PENTAMETHYLUNDECANE",226.446,13.8711,0.228117,0.844094,266.994,420.85,0.223589
124,16-12-2,5-BUTYL-5-(1-METHYLETHYL)NONANE,226.446,15.0231,0.239157,0.80136,285.926,462.25,0.237426
125,71958-48-0,3-ETHYLTETRADECANE,226.446,13.3844,0.230173,0.782377,280.921,431.85,0.230173
126,359132,"2,6,11-TRIMETHYLTRIDECANE",226.446,13.4768,0.21783,0.854892,272.48,418.85,0.21783
127,16-20-6,"2,2,3,3,6,6,7,7-OCTAMETHYLOCTANE",226.446,16.4309,0.249059,0.814275,271.656,465.85,0.248957
128,909554,"2,2,4,4,6,8,8-HEPTAMETHYLNONANE",226.446,15.7,0.2539,0.789409,246.35,418.85,0.236
129,31295-56-4,"DODECANE,-2,6,11-TRIMETHYL-",212.419,14.76,0.227221,0.821512,246.319,409.85,0.227221
130,13286-73-2,"TRIDECANE,-3-ETHYL-",212.419,14.4025,0.230463,0.779618,265.348,426.05,0.230463
131,3891-98-3,FARNESANE,212.419,14.4321,0.237088,0.777957,248.758,404.85,0.237088
132,15-92-1,"UNDECANE,-5,5,6,6-TETRAMETHYL-",212.419,16.391,0.246508,0.792001,256.108,443.85,0.244819
133,103387-11-7,"DODECANE,-2,4,6-TRIMETHYL-",212.419,19.5637,0.322654,0.771846,236.237,395.95,0.322654
134,92867-11-3,"3,4,4,6,6,7-HEXAMETHYLNONANE",212.419,16.3645,0.235191,0.813881,249.759,446.85,0.235191
135,92867-10-2,"2,4,4,6,6,8-HEXAMETHYLNONANE",212.419,15.7721,0.243824,0.788988,232.439,413.85,0.243824
136,132048-36-3,"2,4,6,6,7,7-HEXAMETHYLNONANE",212.419,16.4576,0.23771,0.806484,231.316,436.85,0.23771
137,92867-09-9,6-PROPYLDODECANE,212.419,14.4025,0.23459,0.775366,251.621,410.95,0.23459
138,101081-92-9,C15H32-N22,212.419,17.3322,0.242765,0.830573,260.989,457.85,0.242765
139,101081-94-1,C15H32-N23,212.419,16.3645,0.236361,0.81519,254.711,446.85,0.236361
140,92867-12-4,C15H32-N19,212.419,16.949,0.243767,0.819193,259.406,449.85,0.243767
141,74286-95-6,"5,5,7,7-TETRAMETHYLUNDECANE",212.419,15.6972,0.242743,0.792132,250.222,423.85,0.242743
142,74286-96-7,"4,6-DIETHYL-4,6-DIMETHYLNONANE",212.419,16.5784,0.245595,0.810606,260.499,440.85,0.245595
143,92867-13-5,"2,3,3,5,5,6,6-HEPTAMETHYLOCTANE",212.419,17.5507,0.244766,0.830483,252.751,454.85,0.244766
144,5932-88-7,"2,2,9,9-TETRAMETHYLDECANE",198.392,16.0385,0.237623,0.802357,223.222,390.85,0.237623
145,93866-73-0,"2,2,3,3,5,5,6-HEPTAMETHYLHEPTANE",198.392,18.4833,0.258095,0.794956,238.174,431.85,0.258095
146,107771-01-7,"UNDECANE,-2,4,6-TRIMETHYL-",198.392,20.5399,0.321866,0.766407,218.474,379.95,0.321866
147,16-20-1,"4,5-DIETHYL-2,7-DIMETHYLOCTANE",198.392,15.9489,0.24383,0.78065,216.009,387.45,0.240834
148,5171-86-8,HEXAETHYLETHANE,198.392,19.9702,0.249574,0.862663,264.722,466.85,0.249574
149,100887-83-0,C14H30-N22,198.392,16.7691,0.249583,0.785087,226.675,398.75,0.249583
150,16-20-0,C14H30-N28,198.392,17.7734,0.254535,0.77398,239.384,423.85,0.258271
151,16-20-2,C14H30-N30,198.392,16.3778,0.247451,0.779115,225.456,389.85,0.249882
152,7225-67-4,C14H30-N9,198.392,17.9153,0.252459,0.804186,227.801,414.85,0.252459
153,639006-66-9,C14H30-N31,198.392,17.8184,0.250562,0.803339,228.197,417.85,0.250006
154,102636-08-8,5-PROPYLUNDECANE,198.392,15.5,0.240964,0.778408,254.52,404.85,0.240964
155,76426-52-3,"2,4,4,5,5,7-HEXAMETHYLOCTANE",198.392,18.1695,0.252597,0.793948,241.532,435.85,0.252597
156,6876-19-3,4-PROPYLUNDECANE,198.392,15.5151,0.237656,0.771192,242.473,404.85,0.237656
157,21-59-5,"2,7-DIMETHYL-4-ISOBUTYLOCTANE",198.392,15.6105,0.238877,0.801494,217.403,380.85,0.234777
158,100887-85-2,"4,5-DIETHYL-4,5-DIMETHYLOCTANE",198.392,18.789,0.256821,0.801699,254.0,447.85,0.256821
159,65149-84-0,"2,2,3,3,4,4,5,5-OCTAMETHYLHEXANE",198.392,20.2358,0.271511,0.792799,257.843,460.85,0.271511
160,57297-82-2,3-ETHYLDODECANE,198.392,16.22,0.2494,0.733637,247.95,418.25,0.249
161,17312-63-9,5-N-BUTYLNONANE,184.365,18.3207,0.26464,0.76462,221.683,388.85,0.26464
162,74286-93-4,"NONANE,-4,4,6,6-TETRAMETHYL-",184.365,18.3569,0.253752,0.785188,214.696,391.85,0.253752
163,15-94-7,"OCTANE,-4-ETHYL-2,4,6-TRIMETHYL-",184.365,18.0923,0.250789,0.779921,215.0,390.55,0.252413
164,107625-61-6,"OCTANE,-2,3,3,5,5-PENTAMETHYL-",184.365,18.789,0.252352,0.794308,213.641,399.85,0.252352
165,74286-94-5,C13H28-N26,184.365,19.4751,0.256309,0.808391,227.22,410.85,0.256309
166,16-13-1,C13H28-N34,184.365,18.986,0.252585,0.784166,218.003,416.85,0.250457
167,16-19-5,C13H28-N38,184.365,19.28,0.253442,0.800239,206.715,407.85,0.250728
168,100798-68-3,C13H28-N27,184.365,19.2705,0.257344,0.793005,214.809,404.05,0.257344
169,62108-27-4,"2,4,6-TRIMETHYLDECANE",184.365,18.7643,0.275711,0.760072,205.519,371.15,0.275711
170,16-19-2,"3,5,8-TRIMETHYLDECANE",184.365,16.7966,0.240515,0.795162,211.565,376.85,0.236771
171,17312-61-7,4-PROPYLDECANE,184.365,16.5515,0.241336,0.767576,220.847,382.95,0.241336
172,15-94-6,"3,5-DIMETHYL-5-ETHYLNONANE",184.365,18.0463,0.250576,0.780022,213.508,389.55,0.251752
173,16-19-3,"3-ETHYL-5,7,7-TRIMETHYLOCTANE",184.365,17.0612,0.244408,0.782668,203.53,378.75,0.239829
174,62108-22-9,"2,5,9-TRIMETHYLDECANE",184.365,16.9993,0.243124,0.758399,211.107,387.85,0.243124
175,15-94-6,"3,5-DIMETHYL-5-ETHYLNONANE",184.365,18.0463,0.250576,0.780022,213.508,389.55,0.251752
176,35660-96-9,TRI-TERT-BUTYLMETHANE,184.365,19.8725,0.272557,0.782111,217.585,394.85,0.272557
177,17312-59-3,"UNDECANE,-4-ETHYL-",184.365,16.5515,0.240363,0.766646,224.412,388.15,0.240363
178,17312-60-6,"UNDECANE,-6-ETHYL-",184.365,16.535,0.238908,0.768272,223.568,388.85,0.238908
179,17312-58-2,"UNDECANE,-3-ETHYL-",184.365,16.1832,0.233414,0.766354,223.569,390.85,0.233414
180,100798-69-4,"HEPTANE,-2,3,3,5,5,6-HEXAMETHYL-",184.365,19.2367,0.251383,0.801436,214.687,409.85,0.251383
181,16-19-4,"2,2,4,7,7-PENTAMETHYLOCTANE",184.365,17.3611,0.248712,0.780704,197.566,369.85,0.247343
182,13475-82-6,"2,2,4,6,6-PENTAMETHYLHEPTANE",170.338,18.859,0.260232,0.749182,177.829,352.45,0.260232
183,62184-50-3,"2,2,4-TRIMETHYLNONANE",170.338,18.4675,0.247584,0.77496,189.493,359.85,0.247584
184,62185-14-2,"2,2,3,4,5,5-HEXAMETHYLHEXANE",170.338,20.1813,0.249604,0.76597,191.5,384.85,0.249604
185,62199-20-6,"2,2,6,6-TETRAMETHYLOCTANE",170.338,19.3554,0.260826,0.768535,182.796,356.45,0.260826
186,1071-31-4,"2,2,7,7-TETRAMETHYLOCTANE",170.338,18.7864,0.260347,0.746864,186.214,357.75,0.260347
187,27574-98-7,"2,3,5,6,7-PENTAMETHYLHEPTANE",170.338,20.2358,0.252747,0.787712,193.521,388.15,0.252747
188,62198-57-6,"2,3,5-TRIMETHYL-3-ETHYLHEPTANE",170.338,20.073,0.25506,0.786001,197.859,383.65,0.25506
189,52670-34-5,"2,3,6,7-TETRAMETHYLOCTANE",170.338,19.1862,0.259553,0.766941,197.621,364.85,0.259553
190,35866-89-8,C12H26-N24,170.338,18.7079,0.251257,0.775067,185.374,355.85,0.251257
191,55258-15-6,C12H26-N29,170.338,20.1813,0.244295,0.79624,195.047,389.85,0.244295
192,62199-79-5,C12H26-N46,170.338,21.4732,0.269159,0.769152,209.331,406.85,0.269159
193,62199-81-9,C12H26-N47,170.338,19.4237,0.25723,0.770959,183.214,362.95,0.25723
194,35866-96-7,"2,4,4,7-TETRAMETHYLOCTANE",170.338,19.0855,0.262022,0.756374,183.565,354.45,0.262022
195,62199-19-3,"2,2,5,7-TETRAMETHYLOCTANE",170.338,18.5152,0.250573,0.780884,190.729,353.75,0.250573
196,62184-10-5,"2,4,6-TRIMETHYLNONANE",170.338,21.0659,0.291008,0.752999,187.3,355.85,0.291008
197,2217-17-6,"2,4,5,7-TETRAMETHYLOCTANE",170.338,18.7079,0.250918,0.770902,186.247,359.55,0.250918
198,62199-62-6,"2,2,4,4,6-PENTAMETHYLHEPTANE",170.338,19.4163,0.259397,0.765539,185.322,363.15,0.259397
199,17302-36-2,5-ETHYLDECANE,170.338,17.9128,0.241133,0.759232,205.939,376.85,0.241133
200,62185-45-9,"2,6-DIMETHYL-3-ISOPROPYLHEPTANE",170.338,19.1844,0.256495,0.764653,190.708,366.75,0.256495
201,998-35-6,5-PROPYLNONANE,170.338,18.5885,0.252542,0.758022,205.628,372.85,0.252542
202,62183-65-7,"3,5-DIMETHYL-5-ETHYLOCTANE",170.338,19.596,0.259529,0.773566,189.351,365.55,0.259529
203,62185-33-5,"2,6-DIMETHYL-4-PROPYLHEPTANE",170.338,18.2006,0.244772,0.773556,187.83,357.85,0.244772
204,17085-96-0,3-ETHYLDECANE,170.338,17.8811,0.236079,0.792169,204.496,369.85,0.236079
205,62199-46-6,"3,3,6,6-TETRAMETHYLOCTANE",170.338,19.8913,0.261512,0.765055,189.953,373.85,0.261512
206,62184-15-0,"2,6,6-TRIMETHYLNONANE",170.338,19.0358,0.250071,0.785019,193.761,366.25,0.250071
207,49557-09-7,"2,5,8-TRIMETHYLNONANE",170.338,18.2149,0.253831,0.748087,190.53,357.75,0.253831
208,62198-87-2,"2,2,3,5,6-PENTAMETHYLHEPTANE",170.338,19.4237,0.255695,0.767229,188.799,371.65,0.255695
209,18-23-8,"2,2,3-TRIMETHYL-3-PROPYLHEXANE",170.338,20.9458,0.264681,0.769355,192.223,376.45,0.27337
210,60302-24-1,"2,2,3,3,5,5-HEXAMETHYLHEXANE",170.338,20.7176,0.276199,0.741739,189.447,379.85,0.276199
211,61868-46-0,"2,2,4,6-TETRAMETHYLHEPTANE",156.312,20.1257,0.263201,0.737608,161.971,334.35,0.263201
212,62016-34-6,"2,3,7-TRIMETHYLOCTANE",156.312,20.3089,0.255996,0.760895,174.918,347.05,0.255996
213,61868-57-3,"2,4,4,6-TETRAMETHYLHEPTANE",156.312,20.7743,0.26699,0.745518,166.672,341.05,0.26699
214,62016-37-9,"2,4,6-TRIMETHYLOCTANE",156.312,24.0595,0.311113,0.744709,169.161,340.25,0.311113
215,61868-37-9,"3-ETHYL-3,5-DIMETHYLHEPTANE",156.312,21.3543,0.260083,0.766854,179.953,362.85,0.260083
216,17302-12-4,5-ETHYLNONANE,156.312,19.4753,0.250577,0.750682,180.524,347.15,0.250577
217,17302-13-5,4-PROPYLOCTANE,156.312,20.1214,0.255263,0.748697,184.092,356.55,0.255263
218,1465115,4-ETHYLNONANE,156.312,19.4751,0.24082,0.767976,184.923,358.85,0.24082
219,999913-72-3,D-4-ETHYLNONANE,156.312,19.4137,0.244921,0.751258,185.926,358.85,0.244921
220,61868-54-0,"HEPTANE,-2,3,4,6-TETRAMETHYL-",156.312,20.8884,0.258855,0.762183,173.492,353.15,0.258855
221,6876-18-2,"HEPTANE,-3-ISOPROPYL-2-METHYL-",156.312,20.916,0.261661,0.760003,176.288,353.05,0.261661
222,61868-35-7,"HEPTANE,-4-ETHYL-3,4-DIMETHYL-",156.312,21.836,0.263924,0.765826,180.495,367.35,0.263924
223,27-64-9,"S-4-ETHYL-2,4-DIMETHYLHEPTANE",156.312,21.3741,0.266541,0.738692,167.99,343.45,0.276013
224,61868-72-2,"HEXANE,-3-ETHYL-2,2,3-TRIMETHYL-",156.312,22.8932,0.263578,0.782248,177.713,379.85,0.263578
225,61868-47-1,"HEPTANE,-2,2,5,5-TETRAMETHYL-",156.312,21.0807,0.266396,0.753612,167.117,344.85,0.266396
226,17302-11-3,3-ETHYLNONANE,156.312,19.4751,0.2339,0.795705,185.567,358.85,0.2339
227,61868-61-9,"3,3,5,5-TETRAMETHYLHEPTANE",156.312,21.7546,0.267253,0.771533,179.082,355.85,0.267253
228,62016-38-0,"2,4,7-TRIMETHYLOCTANE",156.312,19.8258,0.258556,0.738487,170.1,340.45,0.258556
229,61868-25-5,"2,4-DIMETHYL-4-ETHYLHEPTANE",156.312,21.3741,0.275653,0.738356,168.991,344.85,0.275653
230,62016-35-7,"2,4,4-TRIMETHYLOCTANE",156.312,20.7176,0.264545,0.746351,173.235,347.85,0.264545
231,61868-55-1,"2,3,5,5-TETRAMEMTHYLHEPTANE",156.312,21.3149,0.264175,0.762605,171.281,351.45,0.264175
232,18932-14-4,"2,2,4-TRIMETHYLOCTANE",156.312,20.0766,0.259359,0.742184,169.996,342.65,0.259359
233,14739-73-2,"2,2,3,5,5-PENTAMETHYLHEXANE",156.312,20.919,0.261393,0.756017,164.669,346.95,0.261393
234,60302-23-0,"2,2,4,4,5-PENTAMETHYLHEXANE",156.312,21.6132,0.263389,0.769203,170.405,355.15,0.263389
235,61868-44-8,"2,2,4,4-TETRAMETHYLHEPTANE",156.312,21.0807,0.266385,0.756831,169.96,344.85,0.266385
236,61868-40-4,"2,2,3,3-TETRAMETHYLHEPTANE",156.312,22.1662,0.266191,0.772444,179.595,366.35,0.266191
237,61868-86-8,"2,2,3,3,5-PENTAMETHYLHEXANE",156.312,22.2291,0.269646,0.76696,172.983,360.15,0.269646
238,999915-92-3,"(-)-4-ETHYL-2,4-DIMETHYLHEPTANE",156.312,19.8059,0.25719,0.738745,167.99,340.85,0.25719
239,52896-92-1,"2,2,3-TRIMETHYLHEPTANE",142.285,22.3976,0.258482,0.74551,162.085,344.85,0.258711
240,16747-45-8,"2,2,3,4,4-PENTAMETHYLPENTANE",142.285,23.4056,0.256156,0.771159,159.278,354.15,0.256156
241,16747-42-5,"2,2,4,5-TETRAMETHYLHEXANE",142.285,22.5653,0.267884,0.739605,147.925,326.25,0.267884
242,52896-93-2,"2,3,3-TRIMETHYLHEPTANE",142.285,23.1584,0.265954,0.752958,160.088,342.15,0.265954
243,1190-83-6,"2,2,6-TRIMETHYLHEPTANE",142.285,21.921,0.268788,0.725785,149.003,319.95,0.268788
244,20291-95-6,"2,2,5-TRIMETHYLHEPTANE",142.285,21.8973,0.258463,0.741626,153.415,329.85,0.259101
245,14720-74-2,"2,2,4-TRIMETHYLHEPTANE",142.285,21.948,0.263791,0.735077,149.541,325.05,0.263791
246,51750-65-3,"2,2,4,4-TETRAMETHYLHEXANE",142.285,23.0474,0.269,0.749112,149.715,330.05,0.269
247,52896-95-4,"2,3,4-TRIMETHYLHEPTANE",142.285,22.7624,0.263357,0.752592,155.986,336.25,0.263357
248,4032-92-2,"2,4,4-TRIMETHYLHEPTANE",142.285,22.6255,0.270337,0.739021,150.638,325.45,0.270337
249,5171-84-6,"3,3,4,4-TETRAMETHYLHEXANE",142.285,25.1182,0.265862,0.786521,170.134,368.75,0.265862
250,20278-88-0,"3,4,4-TRIMETHYLHEPTANE",142.285,23.1361,0.262988,0.74364,162.168,348.85,0.265525
251,52897-00-4,"3-ETHYL-2,3-DIMETHYLHEXANE",142.285,23.9353,0.272052,0.737877,151.593,333.85,0.281299
252,52897-06-0,"3-ETHYL-3,4-DIMETHYLHEXANE",142.285,23.9119,0.270457,0.737519,154.505,341.85,0.277443
253,52897-05-9,"4-ETHYL-3,3-DIMETHYLHEXANE",142.285,23.1139,0.265243,0.737428,154.585,341.85,0.268214
254,13475-79-1,C10H22-N10,142.285,23.4737,0.265371,0.762455,157.029,342.25,0.265371
255,3178-29-8,4-PROPYLHEPTANE,142.285,22.0004,0.258608,0.739745,161.817,335.65,0.258608
256,15869-86-0,4-ETHYLOCTANE,142.285,22.2021,0.261706,0.742228,163.356,333.85,0.261706
257,52897-01-5,"4-ETHYL-2,3-DIMETHYLHEXANE",142.285,22.7407,0.262163,0.740889,157.308,341.85,0.263902
258,5881-17-4,3-ETHYLOCTANE,142.285,22.0787,0.252099,0.762141,165.257,343.95,0.252099
259,52897-04-8,"3-ETHYL-2,5-DIMETHYLHEXANE",142.285,22.1453,0.260639,0.739955,151.637,328.85,0.26245
260,7220-26-0,"3-ETHYL-2,4-DIMETHYLHEXANE",142.285,22.7407,0.262163,0.740889,157.308,341.85,0.263902
261,20291-91-2,"3-ETHYL-2,2-DIMETHYLHEXANE",142.285,22.3764,0.261175,0.73874,153.147,335.85,0.262198
262,52897-17-3,"3-ETHYL-2,2,3-TRIMETHYLPENTANE",142.285,25.2912,0.276804,0.786029,169.348,352.85,0.276804
263,20278-89-1,"3,4,5-TRIMETHYLHEPTANE",142.285,22.7407,0.262163,0.740889,157.308,341.85,0.263902
264,52897-16-2,"3,3-DIETHYL-2-METHYLPENTANE",142.285,24.7519,0.276944,0.736079,151.644,337.85,0.288994
265,20278-87-9,"3,3,4-TRIMETHYLHEPTANE",142.285,23.1361,0.262988,0.74364,162.168,348.85,0.265525
266,1189-99-7,"2,5,5-TRIMETHYLHEPTANE",142.285,22.6326,0.267453,0.744185,152.785,329.05,0.267453
267,2613-61-8,"2,4,6-TRIMETHYLHEPTANE",142.285,21.5741,0.264902,0.727178,146.667,317.25,0.264902
268,20278-84-6,"2,4,5-TRIMETHYLHEPTANE",142.285,22.1453,0.262455,0.742405,153.439,328.85,0.262455
269,4032-93-3,"2,3,6-TRIMETHYLHEPTANE",142.285,22.1743,0.263685,0.739026,155.692,331.15,0.263685
270,20278-85-7,"2,3,5-TRIMETHYLHEPTANE",142.285,22.1453,0.262865,0.749423,159.7,328.85,0.262865
271,52897-18-4,C10H22-N40,142.285,23.0695,0.259817,0.761262,155.286,343.55,0.259817
272,52897-08-2,"HEXANE,-2,2,3,4-TETRAMETHYL-",142.285,23.097,0.259865,0.759182,156.811,346.15,0.259865
273,52897-10-6,"HEXANE,-2,3,3,4-TETRAMETHYL-",142.285,23.749,0.25858,0.773541,164.579,358.75,0.25858
274,52897-12-8,"HEXANE,-2,3,4,4-TETRAMETHYL-",142.285,23.8496,0.263926,0.766935,161.885,352.95,0.263926
275,62016-13-1,"HEXANE,-3-ISOPROPYL-2-METHYL-",142.285,22.7982,0.264205,0.751555,157.215,336.85,0.264205
276,52897-03-7,"HEXANE,-4-ETHYL-2,4-DIMETHYL-",142.285,23.3829,0.268937,0.753812,157.695,339.45,0.268937
277,52896-99-8,"HEXANE,-4-ETHYL-2,2-DIMETHYL-",142.285,21.8768,0.261195,0.736793,146.983,324.35,0.261195
278,52897-15-1,"HEXANE,-2,3,4,5-TETRAMETHYL-",142.285,23.4785,0.268861,0.754105,155.794,340.05,0.268861
279,52897-11-7,"HEXANE,-2,3,3,5-TETRAMETHYL-",142.285,23.2255,0.26814,0.752902,153.323,335.35,0.26814
280,52897-09-3,"HEXANE,-2,2,3,5-TETRAMETHYL-",142.285,22.6467,0.263931,0.750843,148.227,328.85,0.263931
281,52897-19-5,C10H22-N41,142.285,24.5804,0.263051,0.781346,169.431,365.85,0.263051
282,16747-44-7,"2,2,3,3,4-PENTAMETHYLPENTANE",142.285,24.9501,0.265134,0.784203,166.04,365.45,0.265134
283,1071-81-4,"2,2,5,5-TETRAMETHYLHEXANE",142.285,21.9,0.26533,0.723,137.46,308.25,0.265
284,7154-80-5,"3,3,5-TRIMETHYLHEPTANE",142.285,23.2,0.26433,0.7469,155.68,336.35,0.264
285,13475-81-5,"2,2,3,3-TETRAMETHYLHEXANE",142.285,25.1,0.26931,0.7684,160.31,349.85,0.27
286,16747-33-4,"3-ETHYL-2,3-DIMETHYLPENTANE",128.258,26.3255,0.296118,0.740417,141.582,300.65,0.296118
287,921-47-1,"2,3,4-TRIMETHYLHEXANE",128.258,24.9895,0.265529,0.742422,138.578,322.95,0.265529
288,16747-28-7,"2,3,3-TRIMETHYLHEXANE",128.258,25.4344,0.273225,0.7389,137.134,318.95,0.273225
289,16747-31-2,"3,3,4-TRIMETHYLHEXANE",128.258,25.4368,0.271468,0.748687,139.441,318.95,0.271468
290,16747-25-4,"2,2,3-TRIMETHYLHEXANE",128.258,24.926,0.2913,0.7336,133.65,314.85,0.2913
291,2216-32-2,4-ETHYLHEPTANE,128.258,24.494,0.26882,0.729838,141.083,321.55,0.26882
292,52896-75-0,"(R*,S*)-2,3,4-TRIMETHYLHEXANE",128.258,24.975,0.268505,0.723076,134.667,317.05,0.273325
293,16747-26-5,"2,2,4-TRIMETHYLHEXANE",128.258,23.71,0.263682,0.7196,126.55,300.55,0.269539
294,1069-53-0,"2,3,5-TRIMETHYLHEXANE",128.258,24.3164,0.269798,0.726123,130.826,307.15,0.269798
295,24418-03-9,"(R*,R*)-2,3,4-TRIMETHYLHEXANE",128.258,24.975,0.268505,0.723076,134.667,317.05,0.273325
296,1186-53-4,"2,2,3,4-TETRAMETHYLPENTANE",128.258,26.0,0.26944,0.743,133.03,319.45,0.259
297,1070-87-7,"2,2,4,4-TETRAMETHYLPENTANE",128.258,24.9,0.27015,0.7236,122.29,301.45,0.263
298,16747-32-3,"2,2-DIMETHYL-3-ETHYLPENTANE",128.258,25.7,0.26901,0.73886,133.84,316.85,0.268
299,16747-38-9,"2,3,3,4-TETRAMETHYLPENTANE",128.258,27.2,0.27039,0.7587,141.55,334.35,0.265
300,16747-30-1,"2,4,4-TRIMETHYLHEXANE",128.258,24.6,0.26633,0.71967,130.66,307.85,0.26
301,1067-20-5,"3,3-DIETHYLPENTANE",128.258,26.7498,0.26774,0.7575,146.19,336.9,0.249
302,15869-80-4,3-ETHYLHEPTANE,128.258,23.9,0.26016,0.73082,143.2,316.85,0.257
303,1068-87-7,"2,4-DIMETHYL-3-ETHYLPENTANE",128.258,25.3,0.26592,0.74198,136.72,317.85,0.264
304,3522-94-9,"2,2,5-TRIMETHYLHEXANE",128.258,23.3,0.26355,0.7182,124.09,296.65,0.255
305,7154-79-2,"2,2,3,3-TETRAMETHYLPENTANE",128.258,27.41,0.27116,0.7606,140.29,334.35,0.259
306,560-21-4,"2,3,3-TRIMETHYLPENTANE",114.231,28.2,0.26932,0.7303,114.77,300.35,0.269
307,619-99-8,3-ETHYLHEXANE,114.231,26.1,0.26055,0.7178,118.54,292.35,0.253
308,609-26-7,2-METHYL-3-ETHYLPENTANE,114.231,27.0,0.26374,0.7236,115.65,293.95,0.253
309,1067-08-9,3-METHYL-3-ETHYLPENTANE,114.231,28.1,0.2689,0.7315,118.27,303.35,0.267
310,565-75-3,"2,3,4-TRIMETHYLPENTANE",114.231,27.3,0.26687,0.7233,113.47,293.25,0.267
311,564-02-3,"2,2,3-TRIMETHYLPENTANE",114.231,27.3,0.26713,0.7202,109.845,290.35,0.254
312,540-84-1,"2,2,4-TRIMETHYLPENTANE",114.231,25.7,0.26817,0.6962,99.238,270.65,0.266
313,594-82-1,"2,2,3,3-TETRAMETHYLBUTANE",114.231,28.7,0.27446,0.72564,106.29,294.85,0.28
314,617-78-7,3-ETHYLPENTANE,100.204,28.9,0.26586,0.7028,93.47,267.45,0.267
315,464-06-2,"2,2,3-TRIMETHYLBUTANE",100.204,29.5,0.27164,0.6946,80.88,257.95,0.266
316,27519-02-4,MUSCALORE,322.618,9.52701,0.199515,0.950608,378.743,505.25,0.192136
317,35857-62-6,(E)-9-TRICOSENE,322.618,9.53635,0.199475,0.951141,379.547,506.05,0.192125
318,121909-30-6,(E)-ICOS-2-ENE,280.538,11.5351,0.212387,0.900365,348.763,502.85,0.203404
319,42448-85-1,TRANS-2-EICOSENE,280.538,12.21,0.23789,0.809093,318.85,468.65,0.258
320,7206-23-7,TRANS-7-OCTADECENE,252.484,13.3338,0.23847,0.791082,309.538,473.85,0.23847
321,7206-32-8,CIS-4-OCTADECENE,252.484,12.9386,0.230489,0.79414,312.298,477.85,0.230489
322,1779-13-1,"9-OCTADECENE,-(Z)-",252.484,13.2436,0.252101,0.798587,314.972,466.85,0.252101
323,7206-19-1,"3-OCTADECENE,-(E)-",252.484,11.8117,0.213398,0.790912,313.645,472.85,0.213398
324,7206-22-6,TRANS-6-OCTADECENE,252.484,12.9386,0.229602,0.796014,310.568,477.85,0.229602
325,7206-34-0,CIS-6-OCTADECENE,252.484,12.9386,0.230366,0.793758,312.302,477.85,0.230366
326,7206-33-9,CIS-5-OCTADECENE,252.484,12.9386,0.230493,0.793125,311.499,477.85,0.230493
327,7206-36-2,CIS-8-OCTADECENE,252.484,12.9386,0.229223,0.79567,311.541,477.85,0.229223
328,7206-30-6,(Z)-2-OCTADECENE,252.484,12.9058,0.230036,0.795411,312.992,475.85,0.230036
329,7206-25-9,(E)-9-OCTADECENE,252.484,11.4471,0.205892,0.793495,318.941,484.85,0.205892
330,7206-18-0,TRANS-2-OCTADECENE,252.484,12.9058,0.229753,0.796862,310.94,475.85,0.229753
331,7206-35-1,CIS-7-OCTADECENE,252.484,12.2949,0.224601,0.794492,309.238,464.85,0.224601
332,7206-20-4,TRANS-4-OCTADECENE,252.484,12.9386,0.229898,0.794951,311.387,477.85,0.229898
333,18-92-6,8-HEPTADECENE,238.457,13.5811,0.232416,0.805622,291.597,455.85,0.229024
334,26741-29-7,2-HEXADECENE,224.43,13.7786,0.227588,0.786601,280.352,443.85,0.227588
335,18899-21-3,6-HEXADECENE,224.43,13.8402,0.228206,0.785357,280.352,443.85,0.228206
336,26741-28-6,2-PENTADECENE,210.403,14.8043,0.230663,0.782465,265.364,431.85,0.230663
337,15430-98-5,8-PENTADECENE,210.403,14.9941,0.235294,0.779956,264.057,431.85,0.235294
338,74392-36-2,TRANS-2-PENTADECENE,210.403,15.67,0.24205,0.786467,263.85,428.45,0.252
339,1652-97-7,2-TETRADECENE,196.376,15.9489,0.235773,0.777539,247.299,415.85,0.235773
340,10374-74-0,7-TETRADECENE,196.376,16.0256,0.238118,0.776552,244.278,411.85,0.238118
341,24949-38-0,6-TRIDECENE,182.349,17.4203,0.24616,0.769625,228.607,398.85,0.24616
342,7206-15-7,TRANS-4-DODECENE,168.323,18.6111,0.239223,0.801297,214.118,387.85,0.233243
343,7206-17-9,TRANS-6-DODECENE,168.323,18.7741,0.236681,0.80367,213.449,383.85,0.236681
344,1652-96-6,2-DODECENE,168.323,18.6111,0.244722,0.764464,214.118,387.85,0.244722
345,2030-84-4,4-DODECENE,168.323,18.6111,0.250938,0.761995,228.34,387.85,0.250938
346,29493-00-3,6-DODECENE,168.323,18.6549,0.245186,0.763721,213.712,387.85,0.245186
347,7206-27-1,CIS-4-DODECENE,168.323,18.6111,0.239223,0.801297,214.118,387.85,0.233243
348,7239-23-8,CIS-3-DODECENE,168.323,18.6111,0.239223,0.801297,214.118,387.85,0.233243
349,7206-16-8,(E)-DODEC-5-ENE,168.323,18.6111,0.239223,0.801297,214.118,387.85,0.233243
350,7206-29-3,CIS-6-DODECENE,168.323,18.703,0.236147,0.799976,210.297,382.85,0.236147
351,2030-83-3,3-DODECENE,168.323,18.6111,0.25212,0.762899,231.021,387.85,0.25212
352,7206-26-0,CIS-2-DODECENE,168.323,18.9,0.24845,0.753322,217.85,389.85,0.249
353,7206-13-5,TRANS-2-DODECENE,168.323,18.9,0.24639,0.76528,217.85,389.85,0.249
354,4941-53-1,5-UNDECENE,154.296,20.1059,0.247439,0.756756,192.34,365.65,0.247439
355,20810-21-3,4-UNDECENE,154.296,20.2541,0.252798,0.753973,189.201,361.55,0.252798
356,821-98-7,CIS-4-UNDECENE,154.296,20.2541,0.245493,0.784348,190.17,363.85,0.241843
357,764-97-6,TRANS-5-UNDECENE,154.296,20.2541,0.245493,0.784348,190.17,363.85,0.241843
358,125677,2-UNDECENE,154.296,20.2541,0.252908,0.762725,194.282,360.85,0.252908
359,821-97-6,CIS-3-UNDECENE,154.296,20.2541,0.245493,0.784348,190.17,363.85,0.241843
360,764-96-5,CIS-5-UNDECENE,154.296,20.2541,0.245493,0.784348,190.17,363.85,0.241843
361,693-61-8,(E)-UNDEC-2-ENE,154.296,20.2541,0.246084,0.783728,187.988,360.85,0.242971
362,693-62-9,(E)-UNDEC-4-ENE,154.296,20.2541,0.245493,0.784348,190.17,363.85,0.241843
363,1002-68-2,TRANS-3-UNDECENE,154.296,20.2541,0.245493,0.784348,190.17,363.85,0.241843
364,821-96-5,(Z)-UNDEC-2-ENE,154.296,20.2541,0.246084,0.783728,187.988,360.85,0.242971
365,19398-89-1,TRANS-4-DECENE,140.269,21.6084,0.248637,0.745949,170.786,346.05,0.248637
366,19398-86-8,CIS-3-DECENE,140.269,21.9313,0.251348,0.748292,171.291,346.75,0.251348
367,19150-21-1,TRANS-3-DECENE,140.269,21.4564,0.246937,0.745333,171.406,346.95,0.246937
368,19398-88-0,CIS-4-DECENE,140.269,22.2073,0.254549,0.749993,170.673,345.85,0.254549
369,19689-19-1,5-DECENE,140.269,22.1312,0.256598,0.740676,170.624,345.15,0.256598
370,19689-18-0,4-DECENE,140.269,22.0524,0.254474,0.743889,171.336,345.75,0.254474
371,7433-56-9,TRANS-5-DECENE,140.269,21.6521,0.248757,0.746505,171.279,346.75,0.248757
372,7433-78-5,CIS-5-DECENE,140.269,22.0019,0.252205,0.749601,170.426,345.55,0.252205
373,19398-37-9,3-DECENE,140.269,22.1245,0.252743,0.748731,173.242,349.45,0.252743
374,6816-17-7,2-DECENE,140.269,22.1747,0.259022,0.754463,172.588,340.85,0.259022
375,20348-51-0,CIS-2-DECENE,140.269,21.8,0.25204,0.73894,173.85,347.85,0.249
376,20063-97-2,TRANS-2-DECENE,140.269,21.8,0.25121,0.745206,172.85,345.85,0.25
377,2198-23-4,4-NONENE,126.242,24.2865,0.260018,0.7342,146.825,322.35,0.260018
378,20063-92-7,TRANS-3-NONENE,126.242,23.592,0.251774,0.736708,148.212,323.65,0.251774
379,10405-85-3,TRANS-4-NONENE,126.242,24.0643,0.257067,0.736423,147.721,323.05,0.257067
380,20063-77-8,3-NONENE,126.242,24.261,0.259887,0.733824,147.696,322.85,0.259887
381,10405-84-2,CIS-4-NONENE,126.242,24.9021,0.265453,0.738835,147.365,322.55,0.265453
382,6434-77-1,CIS-2-NONENE,126.242,23.7,0.25291,0.735801,150.75,324.95,0.25
383,20237-46-1,CIS-3-NONENE,126.242,24.6311,0.26249,0.738251,147.954,323.35,0.26249
384,6434-77-1,CIS-2-NONENE,126.242,23.7,0.25291,0.735801,150.75,324.95,0.25
385,6434-78-2,TRANS-2-NONENE,126.242,23.7,0.25388,0.731548,150.05,323.95,0.251
386,111-67-1,2-OCTENE,112.215,26.7364,0.26276,0.72491,125.076,300.15,0.26276
387,592-99-4,4-OCTENE,112.215,26.723,0.265524,0.722179,121.794,295.15,0.265524
388,592-98-3,3-OCTENE,112.215,26.7354,0.267103,0.722864,125.497,295.45,0.267103
389,14919-01-8,TRANS-3-OCTENE,112.215,25.8,0.25688,0.71801,123.3,300.85,0.26
390,14850-23-8,TRANS-4-OCTENE,112.215,25.8,0.25726,0.71682,122.26,299.85,0.26
391,7642-15-1,CIS-4-OCTENE,112.215,25.9,0.25727,0.72554,122.54,294.85,0.253
392,2097322,CIS-2-OCTENE,112.215,25.9,0.25596,0.72866,125.64,298.85,0.252
393,13389-42-9,TRANS-2-OCTENE,112.215,25.89,0.25693,0.7243,125.0,298.45,0.252
394,14850-22-7,CIS-3-OCTENE,112.215,25.9,0.2571,0.72567,122.9,295.85,0.252
395,592-78-9,"3-HEPTENE,-(CIS+TRANS)",98.1882,29.6161,0.269078,0.705262,95.654,268.15,0.269078
396,14686-13-6,TRANS-2-HEPTENE,98.1882,28.5,0.26003,0.70575,97.95,269.95,0.254
397,14686-13-6,TRANS-2-HEPTENE,98.1882,28.5,0.26003,0.70575,97.95,269.95,0.254
398,6443-92-1,CIS-2-HEPTENE,98.1882,28.4,0.25813,0.71051,98.41,270.55,0.253
399,14686-14-7,TRANS-3-HEPTENE,98.1882,28.5,0.26119,0.70264,95.67,266.85,0.258
400,2097503,CIS-3-HEPTENE,98.1882,28.4,0.25886,0.70596,95.75,271.85,0.264
401,592-43-8,"2-HEXENE,-(CIS+TRANS)",84.1613,32.958,0.271095,0.686349,68.025,237.65,0.271095
402,592-47-2,C6H12-N1,84.1613,33.39,0.281566,0.683821,66.62,229.1,0.281566
403,13269-52-8,TRANS-3-HEXENE,84.1613,31.7,0.26401,0.6821,67.09,235.85,0.263
404,7688-21-3,CIS-2-HEXENE,84.1613,31.6,0.26105,0.692,68.88,238.25,0.256
405,4050-45-7,TRANS-2-HEXENE,84.1613,31.68,0.26356,0.6827,67.87,236.65,0.258
406,2097470,CIS-3-HEXENE,84.1613,31.7,0.2634,0.6847,66.45,235.85,0.263
407,109-68-2,"2-PENTENE,-(CIS+TRANS)",70.1344,35.9061,0.269972,0.655498,36.357,200.65,0.269972
408,627-20-3,CIS-2-PENTENE,70.1344,36.4,0.26726,0.6608,36.93,201.85,0.269
409,646-04-8,TRANS-2-PENTENE,70.1344,36.6,0.2709,0.6533,36.34,201.05,0.272
410,590-18-1,CIS-2-BUTENE,56.1075,42.1,0.2706,0.6271,3.72,162.35,0.272
411,624-64-6,TRANS-2-BUTENE,56.1075,41.0,0.27203,0.61,0.88,155.45,0.274
412,590-18-1,CIS-2-BUTENE,56.1075,42.1,0.2706,0.6271,3.72,162.35,0.272
413,61868-18-6,1-TETRACONTENE,561.075,6.468,0.2226,0.827594,523.0,641.65,0.238
414,61868-14-2,1-HEXATRIACONTENE,504.968,7.159,0.22477,0.824778,496.0,620.85,0.241
415,18435-53-5,1-TRIACONTENE,420.806,8.47,0.22933,0.809817,448.0,583.85,0.244
416,18835-35-3,1-NONACOSENE,406.78,6.97248,0.161636,1.88755,434.221,558.85,0.161636
417,18835-34-2,1-OCTACOSENE,392.753,9.011,0.22932,0.815996,430.0,569.05,0.244
418,15306-27-1,1-HEPTACOSENE,378.726,7.71539,0.173501,0.972353,419.407,544.85,0.173501
419,18835-33-1,1-HEXACOSENE,364.699,9.642,0.23076,0.812778,411.0,554.15,0.245
420,10192-32-2,1-TETRACOSENE,336.645,10.37,0.23244,0.809205,390.0,537.25,0.246
421,18835-32-0,1-TRICOSENE,322.618,9.81531,0.201223,0.933025,391.852,536.85,0.190325
422,1599-67-3,1-DOCOSENE,308.591,11.21,0.23576,0.8045,367.0,518.45,0.247
423,1599-68-4,1-HENEICOSENE,294.564,10.861,0.198405,0.950425,369.232,512.85,0.198405
424,567040,1-EICOSENE,280.538,12.2,0.23682,0.79655,342.39,497.85,0.247
425,18435-45-5,1-NONADECENE,266.511,12.8,0.23836,0.79392,329.02,486.85,0.248
426,112-88-9,1-OCTADECENE,252.484,13.4,0.23949,0.79073,314.82,474.85,0.248
427,6765-39-5,1-HEPTADECENE,238.457,14.1,0.24069,0.78993,300.33,462.85,0.249
428,629-73-2,1-HEXADECENE,224.43,14.8,0.24118,0.785,284.87,448.85,0.249
429,13360-61-7,1-PENTADECENE,210.403,15.7,0.24336,0.7803,268.46,434.85,0.25
430,1120-36-1,1-TETRADECENE,196.376,16.27,0.24206,0.7752,251.1,417.85,0.245
431,2437-56-1,1-TRIDECENE,182.349,17.49,0.24522,0.7692,232.84,401.65,0.248
432,112-41-4,1-DODECENE,168.323,18.88,0.24852,0.7623,213.0,383.95,0.251
433,821-95-4,1-UNDECENE,154.296,20.44,0.25185,0.7544,192.67,364.65,0.253
434,872-05-9,1-DECENE,140.269,22.23,0.25528,0.745,170.6,343.45,0.253
435,124-11-8,1-NONENE,126.242,24.28,0.25889,0.7334,146.868,319.95,0.258
436,111-66-0,1-OCTENE,112.215,26.63,0.2623,0.7193,121.26,293.75,0.262
437,592-76-7,1-HEPTENE,98.1882,29.2,0.26493,0.7015,93.64,264.25,0.263
438,592-41-6,1-HEXENE,84.1613,32.1,0.26743,0.678,63.48,230.85,0.267
439,109-67-1,1-PENTENE,70.1344,35.6,0.27016,0.6457,30.07,191.65,0.27
440,106-98-9,1-BUTENE,56.1075,40.2,0.27355,0.6013,-6.24,146.35,0.278
441,115-07-1,PROPYLENE,42.0806,46.0,0.27753,0.522,-47.7,91.7,0.281
442,74-85-1,ETHYLENE,28.0538,50.41,0.28128,0.3564,-103.74,9.19,0.281
443,765-27-5,1-EICOSYNE,278.522,11.8182,0.218629,0.831415,349.842,506.85,0.218629
444,26186-01-6,1-NONADECYNE,264.495,12.502,0.209437,0.889416,332.287,493.85,0.209437
445,64183-49-9,7-OCTADECYNE,250.468,13.3017,0.229606,0.807272,314.688,483.85,0.229606
446,71899-42-8,5-OCTADECYNE,250.468,13.7697,0.231982,0.806493,318.044,496.85,0.231982
447,61886-64-4,3-OCTADECYNE,250.468,12.4357,0.208888,0.807613,326.029,502.85,0.208888
448,35216-12-7,8-OCTADECYNE,250.468,13.3017,0.228353,0.81333,313.663,483.85,0.228353
449,35365-59-4,9-OCTADECYNE,250.468,13.8862,0.236677,0.81142,317.594,491.85,0.236677
450,629-89-0,1-OCTADECYNE,250.468,14.0562,0.240591,0.80756,325.628,512.85,0.240591
451,71899-44-0,6-OCTADECYNE,250.468,13.3017,0.228389,0.816422,314.508,483.85,0.228389
452,71899-41-7,4-OCTADECYNE,250.468,13.3017,0.228489,0.815298,313.595,483.85,0.228489
453,61847-97-0,2-OCTADECYNE,250.468,13.1418,0.213137,0.819762,331.026,521.85,0.213137
454,26186-00-5,1-HEPTADECYNE,236.441,14.5925,0.219885,0.902228,336.056,489.85,0.219885
455,629-75-4,2-HEXADECYNE,222.414,14.8583,0.221112,0.806796,301.438,489.85,0.221112
456,15-98-4,C16H30-N15,222.414,15.5981,0.245353,0.825892,211.599,410.85,0.237082
457,629-74-3,1-HEXADECYNE,222.414,15.6651,0.250034,0.800218,291.682,476.85,0.250034
458,18-90-9,C16H26-N18,218.382,16.2591,0.244143,0.827925,279.524,437.85,0.252142
459,16-72-0,"5,8,11-HEXADECATRIYNE",214.351,,,,,,
460,765-13-9,1-PENTADECYNE,208.387,16.3588,0.219137,0.83487,280.143,480.85,0.219137
461,18-95-0,"5-METHYL-1,5-TETRADECADIEN-3-YNE",204.356,16.6561,0.239795,0.822116,265.539,434.85,0.237274
462,35216-11-6,7-TETRADECYNE,194.36,16.1125,0.22018,0.805967,259.14,442.85,0.22018
463,17-09-0,"3,10-DIMETHYL-6-DODECYNE",194.36,17.0471,0.237591,0.79703,237.184,454.85,0.218294
464,638-60-8,2-TETRADECYNE,194.36,17.5214,0.247713,0.800535,256.652,427.85,0.247713
465,765-10-6,1-TETRADECYNE,194.36,17.1603,0.232305,0.834174,252.489,426.65,0.232305
466,17-08-8,"3,10-DIMETHYL-5-DODECYNE",194.36,17.0471,0.23759,0.797037,237.184,454.85,0.218517
467,15-98-3,"2,2,3,3,6,6-HEXAMETHYL-4-HEPTYNE",180.334,19.7707,0.263837,0.776515,184.296,369.85,0.270499
468,26186-02-7,1-TRIDECYNE,180.334,19.0309,0.242345,0.788115,243.728,443.85,0.242345
469,16-71-9,"5,8-TRIDECADIYNE",176.302,21.9256,0.257181,0.830159,259.872,426.85,0.276736
470,16-47-6,"1,12-TRIDECADIYNE",176.302,20.8122,0.247347,0.835326,246.092,440.85,0.246514
471,19550-56-2,"2,9-DIMETHYL-5-DECYNE",166.307,20.6807,0.24837,0.785252,208.889,402.85,0.24837
472,629-49-2,2-DODECYNE,166.307,20.1386,0.240144,0.792258,229.107,420.85,0.240144
473,765-03-7,1-DODECYNE,166.307,20.8652,0.250338,0.784081,226.305,426.85,0.250338
474,6790-27-8,3-DODECYNE,166.307,21.8075,0.26048,0.793777,220.173,411.85,0.26048
475,15-98-2,"3,3-DIMETHYL-4-DECYNE",166.307,20.8312,0.256263,0.77699,200.303,392.85,0.257077
476,6975-99-1,6-DODECYNE,166.307,20.37,0.254387,0.786004,212.906,390.75,0.254387
477,6130-98-9,C12H18-N69,162.275,24.7027,0.28223,0.827156,218.706,404.85,0.28223
478,64020-56-0,C12H18-N70,162.275,24.1237,0.275946,0.829962,163.462,365.85,0.275946
479,1120-29-2,DIBUTYLBUTADIYNE,162.275,22.7397,0.247723,0.84104,246.974,438.85,0.247723
480,61827-89-2,"3,9-DODECADIYNE",162.275,21.7316,0.240405,0.836803,238.303,427.85,0.240405
481,2243-98-3,1-UNDECYNE,152.28,22.1388,0.251986,0.776049,206.399,398.75,0.251986
482,60212-29-5,2-UNDECYNE,152.28,22.3771,0.249488,0.794231,205.793,394.95,0.249488
483,29022-31-9,"3,3-DIMETHYL-4-NONYNE",152.28,23.223,0.26485,0.769799,177.533,378.85,0.26485
484,2294-72-6,UNDEC-5-YNE,152.28,22.377,0.255528,0.783949,195.725,382.05,0.255528
485,74744-28-8,1-UNDECEN-3-YNE,150.264,22.3336,0.238983,0.800445,206.918,406.85,0.238983
486,4117-15-1,"1,10-UNDECADIYNE",148.248,25.5592,0.263461,0.823148,196.265,377.85,0.274832
487,16-37-9,"2-METHYL-1-DECEN-3,5-DIYNE",146.232,25.3565,0.260825,0.775012,226.578,427.85,0.268058
488,19781-40-9,"4-ETHYNYL-4-VINYL-1,6-HEPTADIENE",146.232,25.4819,0.266371,0.822965,166.99,345.85,0.273494
489,32597-33-4,DODECAHEXAYNE,146.148,32.6372,0.234633,1.01156,292.22,546.85,0.234633
490,15-98-1,"2,7-DIMETHYL-4-OCTYNE",138.253,24.0292,0.259413,0.766062,158.931,349.15,0.259847
491,1942-46-7,DIBUTYLACETYLENE,138.253,24.5441,0.259722,0.773518,177.851,367.75,0.259722
492,70732-43-3,8-METHYL-4-NONYNE,138.253,24.6735,0.261389,0.772163,172.113,360.85,0.261389
493,19482-57-6,"2,2-DIMETHYL-3-OCTYNE",138.253,24.1035,0.270018,0.753291,153.031,335.85,0.270018
494,2384-85-2,3-DECYNE,138.253,24.556,0.261636,0.770707,175.493,364.75,0.261636
495,15-98-0,"2,2,3,3-TETRAMETHYL-4-HEXYNE",138.253,25.5076,0.264313,0.797588,148.186,336.85,0.269069
496,17530-24-4,"2,2,5,5-TETRAMETHYL-3-HEXYNE",138.253,25.5261,0.305446,0.714725,112.447,299.85,0.305446
497,61228-10-2,5-ETHYL-5-METHYL-3-HEPTYNE,138.253,25.9755,0.272806,0.775514,155.721,355.85,0.272806
498,2384-86-3,4-DECYNE,138.253,24.1505,0.254653,0.773979,182.37,371.85,0.254653
499,764-93-2,1-DECYNE,138.253,23.7,0.25703,0.765145,174.0,346.7,0.254
500,16-44-7,2-METHYL-NONEN-4-YNE,136.237,23.8272,0.252754,0.788637,169.32,348.85,0.251143
501,21981-19-1,"2-NONEN-4-YNE,-3-METHYL-",136.237,23.9626,0.250671,0.796971,172.768,352.85,0.250671
502,33622-26-3,1-DECEN-3-YNE,136.237,25.0861,0.24628,0.792035,170.827,390.85,0.24628
503,61827-88-1,"3-DECEN-1-YNE,-(Z)-",136.237,24.9554,0.247285,0.783195,178.004,379.85,0.247285
504,331554,"3-DECEN-1-YNE,-(E)-",136.237,24.5285,0.242684,0.791162,184.835,380.85,0.242684
505,19447-29-1,2-NONYNE,124.226,26.4422,0.25291,0.772919,161.809,356.35,0.25291
506,20184-89-8,3-NONYNE,124.226,31.3476,0.304303,0.766578,156.639,349.55,0.304303
507,23097-98-5,"5,5-DIMETHYL-3-HEPTYNE",124.226,27.8401,0.272095,0.76527,132.361,330.85,0.272095
508,20184-91-2,4-NONYNE,124.226,26.0623,0.254377,0.765548,155.669,347.25,0.254377
509,19549-97-4,"2,6-DIMETHYL-3-HEPTYNE",124.226,27.5267,0.265557,0.789469,132.481,323.75,0.265557
510,17530-23-3,"2,2,5-TRIMETHYL-3-HEXYNE",124.226,27.8472,0.297588,0.720861,110.718,299.95,0.297588
511,55402-15-8,"3-OCTYNE,-2-METHYL-",124.226,27.2971,0.273262,0.74809,143.483,335.15,0.273262
512,37050-06-9,7-METHYL-3-OCTYNE,124.226,27.0498,0.264802,0.764081,151.799,342.85,0.264802
513,567104,1-NONYNE,124.226,26.1,0.26081,0.755794,150.7,324.9,0.261
514,32597-32-3,PENTAACETYLENE,122.126,35.7238,0.255724,0.901261,223.649,463.85,0.255724
515,31699-35-1,"2,7-NONADIYNE",120.194,32.933,0.241576,0.837892,180.09,459.65,0.241576
516,2396-65-8,"1,8-NONADIYNE",120.194,31.5034,0.263328,0.81984,161.977,382.05,0.263328
517,18-93-7,"2,5-DIMETHYL-1,5-HEPTADIEN-3-YNE",120.194,26.6307,0.252358,0.802729,149.663,319.85,0.253974
518,1573-71-3,"3-METHYL-1,3,7-OCTATRIEN-5-YNE",118.178,31.6683,0.273346,0.843574,165.517,347.85,0.273346
519,15232-76-5,ETHYLBUTYL-ACETYLENE,110.199,29.9915,0.265554,0.756873,133.701,372.55,0.265554
520,2809-67-8,METHYLPENTYLACETYLENE,110.199,30.1616,0.252588,0.763685,138.38,354.65,0.252588
521,4911-60-8,1-ETHYL-2-TERTBUTYLACETYLENE,110.199,31.0491,0.292106,0.727482,101.248,294.85,0.292106
522,919-12-0,3-ETHYL-3-METHYL-1-PENTYNE,110.199,30.9447,0.27354,0.745749,100.856,313.85,0.27354
523,1942-45-6,DIPROPYLACETYLENE,110.199,30.8773,0.251626,0.754771,131.549,369.55,0.251626
524,629-05-0,1-OCTYNE,110.199,28.8,0.26389,0.75109,126.2,300.85,0.267
525,17679-92-4,1-OCTEN-3-YNE,108.183,30.5054,0.265303,0.779849,132.784,319.85,0.265303
526,764-73-8,"2,6-OCTADIYNE",106.167,35.911,0.25454,0.840945,143.416,420.85,0.238518
527,16-55-6,"2,2-DIMETHYL-3,5-HEXADIYNE",106.167,36.3335,0.294931,0.755454,115.869,300.85,0.318535
528,16-31-4,"1,3-OCTADIYNE",106.167,31.2586,0.25261,0.820567,130.693,330.85,0.245846
529,871-84-1,"1,7-OCTADIYNE",106.167,34.4376,0.265772,0.818002,155.131,356.95,0.265772
530,16387-70-5,"3,5-OCTADIYNE",106.167,33.2745,0.253802,0.815333,163.489,369.85,0.253802
531,16607-77-5,"1,3,7-OCTATRIEN-5-YNE",104.152,35.2209,0.275501,0.81292,141.253,322.85,0.275501
532,6165-96-4,"1,3,5,7-OCTATETRAYNE",98.1039,54.9742,0.348334,0.86225,178.219,403.85,0.348334
533,52713-81-2,4-METHYL-1-HEXYNE,96.1723,32.7653,0.275663,0.703896,89.706,283.85,0.272094
534,20198-49-6,"2-HEXYNE,-4-METHYL-",96.1723,31.6533,0.256429,0.743026,99.514,294.85,0.256429
535,21020-26-8,"1-PENTYNE,-3-ETHYL-",96.1723,32.7961,0.266931,0.733404,87.25,287.85,0.266931
536,2203-80-7,"1-HEXYNE,-5-METHYL-",96.1723,32.8339,0.274043,0.731756,91.567,282.65,0.274043
537,13361-63-2,"1-PENTYNE,-4,4-DIMETHYL-",96.1723,33.5269,0.286147,0.719137,76.015,266.35,0.286147
538,2586-89-2,1-ETHYL-2-PROPYLACETYLENE,96.1723,34.6511,0.252744,0.745581,109.145,348.65,0.252744
539,36566-80-0,1-ETHYL-2-ISOPROPYLACETYLENE,96.1723,31.2951,0.257716,0.732179,94.61,287.85,0.257716
540,1119-65-9,1-METHYL-2-BUTYLACETYLENE,96.1723,33.6551,0.254035,0.75202,112.376,330.55,0.254035
541,999-78-0,1-TERT-BUTYL-1-PROPYNE,96.1723,34.1795,0.284933,0.723377,82.877,279.85,0.284933
542,53566-37-3,2-METHYL-4-HEXYNE,96.1723,32.9991,0.258761,0.741712,102.281,319.05,0.258761
543,918-82-1,"1-PENTYNE,-3,3-DIMETHYL-",96.1723,32.8451,0.270452,0.731897,72.913,273.85,0.270452
544,628-71-7,1-HEPTYNE,96.1723,32.1,0.26722,0.73754,99.78,273.85,0.273
545,62839-54-7,3-METHYL-3-HEXEN-1-YNE,94.1564,31.684,0.252967,0.770178,92.973,272.85,0.252967
546,41998-56-5,"2-HEXEN-4-YNE,-3-METHYL-,-(E)-",94.1564,32.1785,0.262677,0.736047,98.53,280.85,0.262677
547,2384-73-8,1-HEPTEN-3-YNE,94.1564,33.9994,0.267345,0.764383,108.776,296.15,0.267345
548,89854-59-1,3-METHYL-2-HEXEN-4-YNE,94.1564,32.1785,0.263615,0.736047,98.53,280.85,0.262677
549,16-48-2,"1,5-HEPTADIYNE",92.1405,34.8461,0.255192,0.80591,110.297,301.85,0.252132
550,2396-63-6,"1,6-HEPTADIYNE",92.1405,36.8403,0.248528,0.809251,111.49,335.25,0.248528
551,62496-43-9,"3,3-DIMETHYLPENTA-1,4-DIYNE",92.1405,40.3124,0.30452,0.757421,72.481,279.85,0.30452
552,820-54-2,"2-METHYL-1,5-HEXADIEN-3-YNE",92.1405,33.7634,0.261188,0.765865,105.237,283.85,0.261248
553,16-31-5,"HEPT-1-EN-4,6-DIYNE",90.1246,42.1656,0.290435,0.74972,91.293,309.85,0.292109
554,21020-27-9,"2-PENTYNE,-4-METHYL-",82.1454,35.5903,0.260469,0.720052,72.845,267.15,0.260469
555,922-59-8,"1-PENTYNE,-3-METHYL-",82.1454,36.5064,0.274277,0.708529,58.581,250.85,0.274277
556,7154-75-8,"1-PENTYNE,-4-METHYL-",82.1454,34.3579,0.260575,0.709406,61.224,248.75,0.260575
557,917-92-0,TERT-BUTYLACETYLENE,82.1454,36.75,0.28887,0.666274,37.72,215.35,0.289
558,693-02-7,1-HEXYNE,82.1454,36.2,0.27056,0.72063,71.33,243.05,0.272
559,764-35-2,2-HEXYNE,82.1454,35.3,0.25807,0.728629,84.52,275.85,0.256
560,928-49-4,3-HEXYNE,82.1454,35.3,0.26069,0.720028,81.2,270.85,0.258
561,13721-54-5,1-HEXEN-3-YNE,80.1295,38.0934,0.266092,0.755719,83.748,270.25,0.266092
562,1574-33-0,"3-PENTEN-1-YNE,-3-METHYL-",80.1295,37.7093,0.254772,0.744826,68.974,275.85,0.254772
563,14548-31-3,HEX-5-EN-1-YNE,80.1295,37.6386,0.273738,0.761021,70.997,250.75,0.273738
564,14092-20-7,2-HEXEN-4-YNE,80.1295,40.5696,0.272405,0.767906,86.223,274.35,0.272405
565,2806-56-6,3-HEXEN-1-YNE,80.1295,39.6052,0.281486,0.747576,72.974,254.15,0.281486
566,4447-21-6,ETHYLDIACETYLENE,78.1136,41.5411,0.271879,0.787103,98.219,276.85,0.271879
567,821-08-9,DIVINYLACETYLENE,78.1136,41.6924,0.271015,0.776931,86.285,278.35,0.271015
568,628-16-0,DIPROPARGYL,78.1136,42.5046,0.250258,0.797016,86.021,313.65,0.250258
569,2809-69-0,DIMETHYLDIACETYLENE,78.1136,46.4727,0.284277,0.757679,129.536,345.85,0.284277
570,10420-91-4,"1,4-HEXADIYNE",78.1136,43.4789,0.257894,0.812929,80.473,327.25,0.257894
571,10420-90-3,"1,3-HEXADIEN-5-YNE",78.1136,42.7745,0.27275,0.776319,84.973,277.85,0.27275
572,5222-77-5,"1,3-HEXADIEN-5-YNE,-(E)-",78.1136,40.6957,0.263871,0.783735,84.044,275.85,0.263871
573,3161-99-7,TRIACETYLENE,74.0819,58.6501,0.34879,0.682982,85.588,258.85,0.34879
574,627-21-4,2-PENTYNE,68.1185,40.3,0.25916,0.71595,56.12,245.85,0.258
575,627-19-0,1-PENTYNE,68.1185,41.7,0.27445,0.6954,40.18,208.05,0.289
576,598-23-2,3-METHYL-1-BUTYNE,68.1185,42.0,0.28585,0.66977,29.0,190.05,0.3
577,2206-23-7,3-PENTEN-1-YNE,66.1026,44.5141,0.26748,0.735082,45.903,234.85,0.26748
578,2004-69-5,"3-PENTEN-1-YNE,-(E)-",66.1026,44.5753,0.266177,0.725766,51.419,243.85,0.266177
579,1574-40-9,"3-PENTEN-1-YNE,-(Z)-",66.1026,44.4444,0.275553,0.694292,43.979,231.85,0.275553
580,871-28-3,1-PENTENE-4-YNE,66.1026,44.0,0.26675,0.726207,42.5,229.85,0.269
581,78-80-8,2-METHYL-1-BUTENE-3-YNE,66.1026,43.8,0.27331,0.700755,32.25,218.85,0.266
582,646-05-9,1-PENTENE-3-YNE,66.1026,44.0,0.26181,0.735691,59.25,246.85,0.261
583,4911-55-1,METHYLDIACETYLENE,64.0868,47.6155,0.27493,0.743878,54.975,235.85,0.27493
584,107-00-6,1-BUTYNE,54.0916,46.0,0.27045,0.65,8.07,166.85,0.262
585,503-17-3,2-BUTYNE,54.0916,48.7,0.26522,0.6965,26.98,200.05,0.274
586,689-97-4,VINYLACETYLENE,52.0758,48.6,0.26408,0.65,5.1,180.85,0.264
587,460-12-8,BIACETYLENE,50.0599,54.4848,0.301512,0.702712,9.736,186.85,0.301512
588,74-99-7,METHYL-ACETYLENE,40.0648,56.3,0.27041,0.63,-23.21,129.25,0.276
589,74-86-2,ACETYLENE,26.0379,61.38,0.27112,0.615,-83.95,35.15,0.268
590,16-33-6,22-METHYLTRITETRACONTANE,619.199,3.44337,,,,,
591,66576-73-6,2-METHYLPENTATRIACONTANE,506.984,4.87935,,,498.787,592.85,
592,18-24-5,3-METHYLPENTATRIACONTANE,506.984,4.87935,,,,592.85,
593,18-24-6,4-METHYLPENTATRIACONTANE,506.984,4.87935,,,,592.85,
594,18-24-7,5-METHYLPENTATRIACONTANE,506.984,4.87935,,,,592.85,
595,14167-65-8,2-METHYLTETRATRIACONTANE,492.957,5.10938,,,490.026,587.85,
596,18-25-9,4-METHYLTETRATRIACONTANE,492.957,5.10938,,,,587.85,
597,18-25-8,3-METHYLTETRATRIACONTANE,492.957,5.10938,,,,587.85,
598,18-26-0,5-METHYLTETRATRIACONTANE,492.957,5.10938,,,,587.85,
599,66214-27-5,2-METHYLTRITRIACONTANE,478.93,5.3525,,,493.947,581.85,
600,14167-69-2,3-METHHLTRITRIACONTANE,478.93,5.58374,,,,581.85,
601,17-32-4,DL-4-METHYLTRITRIACONTANE,478.93,5.3525,,,,581.85,
602,999916-71-1,L-4-METHYLTRITRIACONTANE,478.93,,,,,646.85,
603,18-25-7,5-METHYLTRITRIACONTANE,478.93,5.3525,,,,581.85,
604,16-33-2,16-METHYLHENTRIACONTANE,450.876,,,0.826128,,569.85,
605,22331-48-2,13-METHYLPENTACOSANE,366.715,7.91681,0.208835,0.809816,405.649,529.85,0.208835
606,1928-30-9,2-METHYLTRICOSANE,338.661,8.7816,0.216607,0.802036,382.525,513.85,0.216607
607,22331-09-5,5-METHYLTRICOSANE,338.661,11.623,0.283669,0.801483,381.313,513.95,0.283669
608,25163-52-4,"DOCOSANE,-5-METHYL-",324.634,11.2582,0.242765,0.803127,371.421,508.25,0.261747
609,25117-30-0,"DOCOSANE,-4-METHYL-",324.634,11.4212,0.244688,0.803107,371.372,507.85,0.266002
610,25117-37-7,"HENEICOSANE,-5-METHYL-",310.607,12.1006,0.248058,0.79681,360.324,500.45,0.270243
611,25117-29-7,"HENEICOSANE,-4-METHYL-",310.607,10.0649,0.224557,0.801611,361.659,500.25,0.2266
612,6418-47-9,"HENEICOSANE,-3-METHYL-",310.607,12.3482,0.277531,0.79721,359.362,499.25,0.277531
613,25117-28-6,"EICOSANE,-4-METHYL-",296.58,12.043,0.242477,0.793983,349.293,492.85,0.256854
614,25117-36-6,5-METHYLEICOSANE,296.58,11.758,0.239856,0.796702,348.564,492.25,0.252167
615,6418-46-8,"EICOSANE,-3-METHYL-",296.58,15.0794,0.341054,0.797285,347.494,474.55,0.341054
616,1560-84-5,"EICOSANE,-2-METHYL-",296.58,11.2882,0.241799,0.7993,349.6,492.85,0.241799
617,54833-23-7,"EICOSANE,-10-METHYL-",296.58,10.5386,0.219415,0.795075,353.124,505.85,0.219415
618,1560-86-7,18-METHYLNONADECANE,282.553,13.8083,0.282767,0.788898,335.501,481.75,0.282767
619,57160-72-2,5-METHYLNONADECANE,282.553,12.8759,0.264181,0.793098,337.27,484.35,0.264181
620,25117-27-5,"NONADECANE,-4-METHYL-",282.553,12.2147,0.239378,0.797824,337.347,484.45,0.249137
621,6418-45-7,"NONADECANE,-3-METHYL-",282.553,12.769,0.256965,0.790847,338.805,492.85,0.256965
622,26741-17-3,8-METHYLOCTADECANE,268.527,11.8092,0.228198,0.789248,327.183,479.85,0.228198
623,26741-16-2,7-METHYLOCTADECANE,268.527,11.8092,0.22782,0.790427,327.183,479.85,0.22782
624,1560-88-9,17-METHYLOCTADECANE,268.527,13.4224,0.263107,0.782643,323.288,473.55,0.263107
625,26741-18-4,9-METHYLOCTADECANE,268.527,11.8092,0.228239,0.788851,327.183,479.85,0.228239
626,10544-96-4,"OCTADECANE,-6-METHYL-",268.527,11.8092,0.228213,0.789188,327.183,479.85,0.228213
627,25117-35-5,"OCTADECANE,-5-METHYL-",268.527,12.1259,0.237818,0.789374,323.915,474.25,0.237818
628,10544-95-3,"OCTADECANE,-4-METHYL-",268.527,11.8094,0.230421,0.789458,323.936,474.15,0.230421
629,6561-44-0,"OCTADECANE,-3-METHYL-",268.527,14.5521,0.285697,0.790757,324.716,475.15,0.285697
630,18869-72-2,9-METHYLHEPTADECANE,254.5,11.6892,0.215808,0.790362,318.134,470.85,0.215808
631,1560-89-0,16-METHYLHEPTADECANE,254.5,12.4299,0.232243,0.783631,309.879,462.45,0.232243
632,6418-44-6,"HEPTADECANE,-3-METHYL-",254.5,14.5231,0.271717,0.784686,311.217,464.85,0.271717
633,26429-11-8,"HEPTADECANE,-4-METHYL-",254.5,11.5175,0.223231,0.786105,308.55,461.25,0.216585
634,26730-95-0,"HEPTADECANE,-5-METHYL-",254.5,12.3295,0.231668,0.78608,309.099,462.15,0.231663
635,1560-92-5,15-METHYLHEXADECANE,240.473,14.3078,0.258123,0.779246,296.74,452.45,0.258123
636,26730-20-1,7-METHYLHEXADECANE,240.473,13.0915,0.235148,0.784578,288.089,443.85,0.233516
637,55194-11-1,L(+)-3-METHYLHEXADECANE,240.473,13.0915,0.235587,0.783627,291.437,443.85,0.235587
638,25117-34-4,"HEXADECANE,-5-METHYL-",240.473,13.5595,0.238758,0.781965,294.411,451.05,0.242218
639,6418-43-5,14-METHYLHEXADECANE,240.473,15.4566,0.277227,0.781789,295.208,451.15,0.277227
640,25117-26-4,"HEXADECANE,-4-METHYL-",240.473,12.6403,0.229402,0.781462,295.516,451.65,0.225692
641,2801-87-8,4-METHYLPENTADECANE,226.446,14.3224,0.244052,0.778706,281.034,440.35,0.244052
642,10105-38-1,6-METHYLPENTADECANE,226.446,13.4274,0.230312,0.779366,278.076,431.85,0.230312
643,2882-96-4,"PENTADECANE,-3-METHYL-",226.446,15.536,0.259115,0.778674,284.346,452.45,0.259115
644,1560-93-6,2-METHYLPENTADECANE,226.446,14.2372,0.241839,0.774774,285.847,441.75,0.241839
645,22306-28-1,8-METHYLPENTADECANE,226.446,13.1074,0.225106,0.777958,277.71,431.85,0.225106
646,6165-40-8,7-METHYLPENTADECANE,226.446,13.4448,0.225876,0.778288,280.792,443.85,0.225876
647,25117-33-3,"PENTADECANE,-5-METHYL-",226.446,13.4371,0.230887,0.778801,277.722,436.35,0.230887
648,1560-95-8,2-METHYLTETRADECANE,212.419,14.4244,0.229475,0.769145,268.3,436.75,0.229475
649,6165-39-5,7-METHYLTETRADECANE,212.419,14.4135,0.235187,0.773297,269.981,426.05,0.235187
650,26730-16-5,6-METHYLTETRADECANE,212.419,14.4135,0.232166,0.772499,264.544,426.05,0.232166
651,25117-32-2,5-METHYLTETRADECANE,212.419,15.8258,0.255068,0.773718,263.073,424.15,0.255068
652,25117-24-2,4-METHYLTETRADECANE,212.419,14.3704,0.2323,0.774864,263.946,425.55,0.2323
653,10-84-1,"TETRADECANE,-3-METHYL-,-L(+)-",212.419,14.4135,0.235238,0.77359,263.756,426.05,0.231681
654,18435-22-8,"TETRADECANE,-3-METHYL-",212.419,16.5702,0.265675,0.773415,266.201,428.55,0.265675
655,26730-14-3,7-METHYLTRIDECANE,198.392,16.0422,0.251457,0.767251,251.818,404.85,0.251457
656,13287-21-3,"TRIDECANE,-6-METHYL-",198.392,14.8678,0.235386,0.768415,242.278,392.85,0.235386
657,26730-12-1,4-METHYLTRIDECANE,198.392,15.9598,0.245614,0.76923,248.49,411.95,0.245614
658,25117-31-1,5-METHYLTRIDECANE,198.392,16.7319,0.255512,0.767333,246.242,409.95,0.255512
659,1560-96-9,2-METHYLTRIDECANE,198.392,16.04,0.24454,0.75854,247.9,410.95,0.244
660,6418-41-3,3-METHYLTRIDECANE,198.392,16.06,0.24378,0.763197,248.4,411.55,0.244
661,10-84-0,"DODECANE,-3-METHYL-,-L(+)-",184.365,16.5515,0.24205,0.762611,225.63,388.85,0.241977
662,6044-71-9,"DODECANE,-6-METHYL-",184.365,16.5515,0.24325,0.760587,227.016,388.85,0.24325
663,6117-97-1,"DODECANE,-4-METHYL-",184.365,23.3381,0.341483,0.761557,228.601,391.85,0.341483
664,17453-93-9,5-METHYLDODECANE,184.365,16.5784,0.240792,0.762038,226.467,391.15,0.240792
665,17312-57-1,3-METHYLDODECANE,184.365,17.19,0.24647,0.756866,230.2,395.85,0.247
666,1560-97-0,2-METHYLDODECANE,184.365,17.17,0.2474,0.751328,229.5,394.85,0.247
667,17302-33-9,"UNDECANE,-6-METHYL-",170.338,18.1243,0.247574,0.753655,208.059,377.25,0.247574
668,1632-70-8,5-METHYLUNDECANE,170.338,20.2053,0.275832,0.756696,207.727,372.85,0.275832
669,2980-69-0,4-METHYLUNDECANE,170.338,17.9242,0.246326,0.754449,209.979,373.55,0.246326
670,55194-28-0,(S)-3-METHYLUNDECANE,170.338,17.9242,0.235206,0.78709,205.669,373.85,0.235206
671,1002-43-3,3-METHYLUNDECANE,170.338,18.47,0.24924,0.749299,211.2,379.15,0.249
672,7045-71-8,2-METHYLUNDECANE,170.338,18.42,0.25017,0.743751,210.0,377.55,0.25
673,10-83-9,"DECANE,-3-METHYL-,-L(+)-",156.312,19.4751,0.248777,0.747506,190.499,360.35,0.24811
674,13151-35-4,5-METHYLDECANE,156.312,19.9182,0.257463,0.744907,187.762,355.35,0.257463
675,2847-72-5,4-METHYLDECANE,156.312,21.0985,0.270772,0.745853,188.004,355.55,0.270772
676,6975-98-0,2-METHYLDECANE,156.312,19.82,0.25296,0.734659,189.2,358.65,0.253
677,13151-34-3,3-METHYLDECANE,156.312,19.89,0.25202,0.740561,190.9,360.95,0.252
678,53213-47-1,(S)-3-METHYLNONANE,142.285,21.3689,0.253947,0.737903,167.753,337.85,0.254139
679,53213-47-1,(S)-3-METHYLNONANE,142.285,21.3689,0.253947,0.737903,167.753,337.85,0.254139
680,361382-37-8,(-)-3-METHYLNONANE,142.285,21.3689,0.252678,0.737907,164.52,337.85,0.252678
681,1465084,3-METHYLNONANE,142.285,21.6,0.25547,0.73754,167.8,339.85,0.247
682,871-83-0,2-METHYLNONANE,142.285,21.2,0.25456,0.73058,167.0,336.85,0.244
683,17301-94-9,4-METHYLNONANE,142.285,21.6,0.25616,0.73646,165.7,336.85,0.248
684,15869-85-9,5-METHYLNONANE,142.285,21.6,0.25609,0.7367,165.15,336.85,0.248
685,10-83-5,"OCTANE,-5-METHYL-,-L-",128.258,23.2252,0.254794,0.737734,146.512,316.85,0.252199
686,116836-52-3,(R)-4-METHYLOCTANE,128.258,22.9575,0.257485,0.720498,140.982,309.85,0.257505
687,22-41-9,L(+)-3-METHYLOCTANE,128.258,23.1075,0.256999,0.724823,143.498,313.45,0.257765
688,999905-23-6,L-4-METHYLOCTANE,128.258,23.1616,0.259276,0.720491,140.982,309.85,0.259276
689,2216-34-4,4-METHYLOCTANE,128.258,23.4,0.25873,0.72301,142.44,314.5,0.25
690,2216-33-3,3-METHYLOCTANE,128.258,23.4,0.25825,0.72304,144.23,317.0,0.252
691,3221-61-2,2-METHYLOCTANE,128.258,23.1,0.25903,0.7163,143.3,309.72,0.258
692,6131-25-5,(S)-3-METHYLHEPTANE,114.231,25.1192,0.261267,0.710326,117.586,288.05,0.261267
693,592-27-8,2-METHYLHEPTANE,114.231,25.0,0.25973,0.7021,117.65,286.55,0.262
694,589-53-7,4-METHYLHEPTANE,114.231,25.4,0.25989,0.709,117.71,288.55,0.259
695,589-81-1,3-METHYLHEPTANE,114.231,25.5,0.25947,0.7101,118.93,290.45,0.253
696,6131-24-4,(+)-3-METHYLHEXANE,100.204,28.6929,0.271234,0.691749,91.544,261.95,0.271234
697,589-34-4,3-METHYLHEXANE,100.204,28.1,0.26293,0.6917,91.85,262.05,0.255
698,591-76-4,2-METHYLHEXANE,100.204,27.4,0.26373,0.683,90.049,257.25,0.262
699,96-14-0,3-METHYL-PENTANE,86.1772,31.2,0.26855,0.6689,63.27,231.45,0.274
700,107-83-5,2-METHYL-PENTANE,86.1772,30.4,0.2687,0.6579,60.26,224.55,0.27
701,78-78-4,2-METHYL-BUTANE,72.1503,33.8,0.27164,0.6247,27.844,187.25,0.27
702,75-28-5,ISOBUTANE,58.1234,36.4,0.27493,0.5631,-11.72,134.65,0.278
703,110746-39-9,2-METHYL-2-NONADECENE,280.538,11.5666,0.225239,0.802063,345.838,502.85,0.225239
704,52254-50-9,2-METHYL-1-NONADECENE,280.538,11.4711,0.225431,0.799432,345.558,498.85,0.225431
705,18-92-9,3-METHYL-2-OCTADECENE,266.511,12.1872,0.229402,0.803507,337.98,488.85,0.229702
706,13287-12-2,2-METHYL-2-HEPTADECENE,252.484,12.5953,0.235727,0.798346,312.026,457.85,0.235727
707,18-92-7,9-METHYL-8-HEPTADECENE,252.484,12.5953,0.232183,0.795104,302.332,457.85,0.230751
708,29833-69-0,2-METHYLPENTADEC-1-ENE,224.43,13.8302,0.226077,0.787181,272.342,439.85,0.226077
709,52254-38-3,"1-TETRADECENE,-2-METHYL-",210.403,14.9514,0.233281,0.782937,256.648,425.85,0.233281
710,18-21-1,3-METHYL-1-TETRADECENE,210.403,15.2111,0.240944,0.777801,255.434,418.85,0.242367
711,18094-01-4,2-METHYL-1-TRIDECENE,196.376,16.1488,0.236253,0.778746,240.344,414.85,0.236253
712,24949-42-6,"6-TRIDECENE,-7-METHYL-",196.376,16.3168,0.243314,0.776888,240.501,406.85,0.243314
713,62060-10-0,2-METHYL-2-TRIDECENE,196.376,16.3168,0.243508,0.776185,240.501,406.85,0.243508
714,16435-49-7,"1-DODECENE,-2-METHYL-",182.349,17.6572,0.243669,0.77229,223.183,401.85,0.243669
715,74630-38-9,"1-UNDECENE,-5-METHYL-",168.323,19.354,0.249489,0.766134,207.309,387.85,0.249489
716,18516-37-5,"1-UNDECENE,-2-METHYL-",168.323,18.3345,0.244296,0.765883,204.546,373.85,0.244296
717,56888-88-1,"2-UNDECENE,-2-METHYL-",168.323,19.3824,0.253898,0.762833,211.204,386.85,0.253898
718,20634-43-9,"4-UNDECENE,-5-METHYL-",168.323,18.8309,0.249867,0.766157,204.534,374.85,0.249867
719,1042-76-8,6-METHYL-5-UNDECENE,168.323,18.8309,0.248769,0.772339,205.803,374.85,0.248769
720,18-91-6,2-METHYL-4-DECENE,154.296,20.3917,0.254064,0.746756,194.106,356.95,0.257191
721,23381-92-2,"2-DECENE,-2-METHYL-",154.296,20.6033,0.245248,0.785993,192.0,365.85,0.245248
722,13151-27-4,"1-DECENE,-2-METHYL-",154.296,20.2601,0.2506,0.758248,184.816,357.85,0.2506
723,849464-76-2,(R)-4-METHYL-1-DECENE,154.296,20.0202,0.251463,0.754247,183.615,347.85,0.253103
724,19-10-0,5-METHYL-4-DECENE,154.296,20.5131,0.251025,0.761918,188.235,362.85,0.252039
725,999913-64-3,(-)-4-METHYL-1-DECENE,154.296,20.0205,0.243117,0.805798,183.609,347.85,0.243117
726,13151-29-6,4-METHYL-1-DECENE,154.296,20.008,0.249584,0.759662,180.959,347.85,0.249584
727,53966-53-3,2-METHYL-3-NONENE,140.269,22.292,0.262934,0.738097,160.988,332.35,0.262934
728,15918-07-7,5-METHYL-4-NONENE,140.269,21.9466,0.250605,0.766734,164.688,335.75,0.250605
729,2129-95-5,2-METHYL-2-NONENE,140.269,22.9018,0.266415,0.752738,170.991,337.85,0.266415
730,104256-05-5,"4-NONENE,-8-METHYL-",140.269,22.292,0.259361,0.744125,163.903,335.45,0.259361
731,2980-71-4,2-METHYL-1-NONENE,140.269,21.9,0.25267,0.743063,168.4,342.85,0.236
732,26741-24-2,8-METHYL-1-NONENE,140.269,21.9,0.23998,0.813676,170.5,345.85,0.24
733,116836-14-7,4-METHYL-2-OCTENE,126.242,24.4589,0.264796,0.736971,137.582,308.65,0.264796
734,16993-86-5,"2-OCTENE,-2-METHYL-",126.242,25.6669,0.273083,0.745963,145.293,317.85,0.273083
735,20826-35-1,2-METHYL-3-OCTENE,126.242,24.4589,0.268676,0.726403,137.341,308.35,0.268676
736,86668-32-8,7-METHYL-2-OCTENE,126.242,24.459,0.262238,0.734015,142.533,315.65,0.262238
737,18-95-5,3-METHYL-2-OCTENE,126.242,24.0408,0.25489,0.749253,145.275,317.85,0.256606
738,13151-08-1,"1-OCTENE,-3-METHYL-",126.242,22.8058,0.250585,0.72956,137.897,309.55,0.250585
739,38304-63-1,4-METHYL-4-OCTENE,126.242,23.6614,0.252829,0.750057,137.52,308.65,0.252829
740,86668-33-9,7-METHYL-3-OCTENE,126.242,24.7674,0.268895,0.73208,141.355,310.85,0.268895
741,64501-77-5,2-METHYL-4-OCTENE,126.242,24.4589,0.257548,0.743498,139.03,319.85,0.257548
742,4588-18-5,2-METHYL-1-OCTENE,126.242,23.8,0.25532,0.732043,144.65,319.85,0.245
743,13151-06-9,7-METHYL-1-OCTENE,126.242,23.8,0.25097,0.767194,135.0,305.85,0.251
744,3404-75-9,3-METHYL-2-HEPTENE,112.215,26.4909,0.258949,0.73374,122.02,297.85,0.258949
745,1063107,3-METHYL-1-HEPTENE,112.215,24.9821,0.256207,0.716294,111.336,280.15,0.256207
746,692-96-6,"3-HEPTENE,-2-METHYL-,-(E)-",112.215,26.9527,0.276499,0.710351,113.125,283.15,0.276499
747,66225-20-5,"3-HEPTENE,-6-METHYL-,-(E)-",112.215,26.958,0.272733,0.712952,113.956,284.45,0.272733
748,50422-80-5,"3-HEPTENE,-5-METHYL-,-(Z)-",112.215,26.958,0.269214,0.716229,112.029,290.85,0.269214
749,73548-72-8,2-METHYL-5-HEPTENE,112.215,26.9577,0.267631,0.719622,117.672,289.85,0.267631
750,7300-03-0,"3-HEPTENE,-3-METHYL-",112.215,26.6522,0.258716,0.732386,120.734,300.85,0.258716
751,66225-18-1,"2-HEPTENE,-6-METHYL-,-(Z)-",112.215,26.958,0.264888,0.723458,113.241,289.85,0.264888
752,22-66-0,L(+)-5-METHYL-1-HEPTENE,112.215,26.4339,0.262206,0.725335,113.476,283.75,0.262798
753,17618-76-7,C8H16-N60,112.215,27.0853,0.272664,0.720484,116.539,293.75,0.272664
754,4485-16-9,C8H16-N39,112.215,26.4734,0.257813,0.728518,118.847,297.85,0.257813
755,3404-56-6,4-METHYL-2-HEPTENE,112.215,26.9604,0.276659,0.722458,113.542,284.05,0.276659
756,13151-04-7,"1-HEPTENE,-5-METHYL-",112.215,26.4378,0.264943,0.720917,113.215,282.55,0.264943
757,3404-57-7,6-METHYL-3-HEPTENE,112.215,26.9872,0.272299,0.716989,113.758,281.65,0.272299
758,627-97-4,2-METHYL-2-HEPTENE,112.215,26.3783,0.260564,0.72868,122.38,295.75,0.260564
759,54616-49-8,CIS-4-ETHYL-2-HEXENE,112.215,26.9651,0.26872,0.719633,114.18,284.25,0.26872
760,15870-10-7,2-METHYL-1-HEPTENE,112.215,26.0,0.2581,0.72483,119.22,293.85,0.25
761,13151-05-8,4-METHYL-1-HEPTENE,112.215,26.04,0.26062,0.715171,112.8,284.15,0.255
762,5026-76-6,6-METHYL-1-HEPTENE,112.215,26.0,0.2613,0.709685,113.2,284.85,0.254
763,25167-70-8,"2,4,4-TRIMETHYLPENTENE",112.215,26.958,0.26476,0.727347,112.174,289.85,0.26476
764,692-24-0,TRANS-2-METHYL-3-HEXENE,98.1882,29.8602,0.280137,0.694251,85.856,253.55,0.280137
765,10574-36-4,CIS-3-METHYL-2-HEXENE,98.1882,31.2483,0.277254,0.71952,97.244,271.85,0.277254
766,3683-19-0,CIS-4-METHYL-2-HEXENE,98.1882,29.8861,0.276617,0.703847,86.069,254.25,0.276617
767,13151-17-2,CIS-5-METHYL-2-HEXENE,98.1882,29.9071,0.275156,0.705245,89.84,259.65,0.275156
768,4914-89-0,CIS-3-METHYL-3-HEXENE,98.1882,31.2925,0.277606,0.717537,95.372,271.85,0.277606
769,15840-60-5,CIS-2-METHYL-3-HEXENE,98.1882,29.878,0.27826,0.698941,86.177,254.35,0.27826
770,3683-22-5,TRANS-4-METHYL-2-HEXENE,98.1882,29.8612,0.27612,0.703071,87.608,256.15,0.27612
771,17618-77-8,3-METHYL-2-HEXENE,98.1882,28.9193,0.280832,0.726891,94.448,265.85,0.280832
772,3899-36-3,TRANS-3-METHYL-3-HEXENE,98.1882,30.1827,0.270379,0.71447,93.515,267.85,0.270379
773,2738-19-4,2-METHYL-2-HEXENE,98.1882,30.6245,0.280576,0.713177,94.821,263.85,0.280576
774,20710-38-7,(E)-3-METHYL-2-HEXENE,98.1882,31.8427,0.282948,0.718359,94.561,270.85,0.282948
775,7385-82-2,(E)-2-METHYL-4-HEXENE,98.1882,29.8609,0.276696,0.700757,88.061,256.85,0.276696
776,1531866,2-METHYL-1-HEXENE,98.1882,28.7,0.26155,0.70743,91.84,264.85,0.255
777,3524-73-0,5-METHYL-1-HEXENE,98.1882,28.7,0.26556,0.689416,85.31,254.85,0.26
778,3769-23-1,4-METHYL-1-HEXENE,98.1882,30.4,0.27172,0.703,86.73,260.85,0.273
779,3404-61-3,3-METHYL-1-HEXENE,98.1882,29.5,0.26952,0.69592,83.9,254.85,0.267
780,674-76-0,4-METHYL-TRANS-2-PENTENE,84.1613,32.2,0.26965,0.6736,58.6,227.85,0.267
781,39914-58-4,"1-PENTENE,-3-METHYL-,-(R)-",84.1613,30.7096,0.271412,0.668966,52.819,214.85,0.271412
782,5026-95-9,(+)-(S)-3-METHYL-1-PENTENE,84.1613,30.8408,0.27146,0.672425,53.923,216.85,0.27146
783,922-61-2,3-METHYL-2-PENTENE,84.1613,32.1369,0.259159,0.701621,68.415,237.85,0.259159
784,763-29-1,2-METHYL-1-PENTENE,84.1613,31.9,0.26503,0.68476,62.1,231.85,0.261
785,625-27-4,2-METHYL-2-PENTENE,84.1613,31.6,0.26066,0.6912,67.3,240.85,0.268
786,760-20-3,3-METHYL-1-PENTENE,84.1613,32.9,0.27428,0.67217,54.18,221.85,0.274
787,691-37-2,4-METHYL-1-PENTENE,84.1613,32.2,0.27167,0.66857,53.86,222.85,0.269
788,616-12-6,3-METHYL-TRANS-2-PENTENE,84.1613,31.9,0.25914,0.7023,70.438,243.85,0.255
789,691-38-3,4-METHYL-CIS-2-PENTENE,84.1613,32.2,0.26988,0.6741,56.38,225.85,0.269
790,674-76-0,4-METHYL-TRANS-2-PENTENE,84.1613,32.2,0.26965,0.6736,58.6,227.85,0.267
791,922-62-3,3-METHYL-CIS-2-PENTENE,84.1613,32.902,0.26499,0.698,67.7,241.85,0.264
792,563-45-1,3-METHYL-1-BUTENE,70.1344,35.3,0.2741,0.6325,20.055,179.55,0.286
793,513-35-9,2-METHYL-2-BUTENE,70.1344,34.2,0.25902,0.6676,38.555,196.85,0.256
794,563-46-2,2-METHYL-1-BUTENE,70.1344,34.47,0.26276,0.6557,31.155,191.85,0.26
795,115-11-7,ISOBUTYLENE,56.1075,40.0,0.27256,0.6004,-6.9,144.75,0.275
